YEAR,MO,DY,ALLSKY_SFC_SW_DWN,CLRSKY_SFC_SW_DWN,T2M,RH2M,PS,WD10M,WS10M,UVA,Wind Energy,Solar Energy
2020,1,1,4.37,4.67,23.43,55.94,99.94,181.44,3.64,10.09,213.6541442,154.377
2020,1,2,4.57,4.64,24.26,61.31,99.95,165.06,2.91,10.69,170.3462877,163.557
2020,1,3,4.35,4.65,24.78,63.88,100.08,215.56,4.15,10.41,242.8251188,159.273
2020,1,4,3.69,4.55,22.98,56.69,100.09,342.94,7.04,8.88,414.4702804,135.864
2020,1,5,4.82,4.91,20.76,54,100.13,316.12,6.37,11.12,378.0086508,170.136
2020,1,6,5.24,5.2,20,40.81,100.11,177.44,4.59,11.59,273.0314663,177.327
2020,1,7,5.04,5.02,21.2,46.62,100.12,169,3.68,11.45,218.0304106,175.185
2020,1,8,4.04,4.96,21.05,57,100.11,211.94,4.66,9.7,276.2060345,148.41
2020,1,9,5.06,5.09,19.58,61.19,100.11,211.75,4.95,11.61,294.8681606,177.633
2020,1,10,5.03,5.11,18.62,56.5,100.12,275.25,4.99,11.63,298.2587575,177.939
2020,1,11,4.94,5.16,19.1,47.06,100.38,271.12,6.06,11.34,362.558214,173.502
2020,1,12,5.33,5.36,19.89,25.06,100.36,113.31,5.68,11.64,338.8398929,178.092
2020,1,13,5.29,5.25,20.97,27.62,100.21,205.06,3.17,11.76,188.1300713,179.928
2020,1,14,5.26,5.23,22.27,27.5,100.16,138.31,4.23,11.82,249.8085178,180.846
2020,1,15,5.26,5.23,23.61,28.31,100.06,139.06,4.91,11.7,288.3693386,179.01
2020,1,16,5.13,5.08,24.08,42.94,99.99,156,3.98,11.64,233.216596,178.092
2020,1,17,4.83,5.02,24.91,66.06,99.95,189.88,5,11.43,292.0529241,174.879
2020,1,18,4.2,4.9,23.66,64.56,100.08,317.38,4.55,10.03,267.234557,153.459
2020,1,19,4.96,5.15,22.21,56,100.22,214.69,5.68,11.66,335.7094047,178.398
2020,1,20,5.53,5.48,21.21,47.25,100.3,186.62,5.98,12.4,354.9243338,189.72
2020,1,21,5.4,5.39,20.65,58.5,100.15,337,6.16,12.38,365.7567313,189.414
2020,1,22,5.31,5.39,19.41,55.62,100.18,270.31,6.36,12.07,379.3461221,184.671
2020,1,23,5.66,5.63,18.12,39.75,100.31,219.5,5.5,12.56,329.9313752,192.168
2020,1,24,5.72,5.68,18.61,34.06,100.38,219.88,4.88,12.67,292.4514077,193.851
2020,1,25,5.57,5.53,18.52,50.94,100.61,190.81,5.56,12.66,334.06935,193.698
2020,1,26,5.7,5.71,20.88,25.81,100.44,132.06,5.41,12.66,321.9028178,193.698
2020,1,27,5.62,5.58,21.2,26.31,100.28,166.56,4.35,12.45,258.1380323,190.485
2020,1,28,5.24,5.26,23.19,42.44,100.06,169.56,3.73,12.34,219.377209,188.802
2020,1,29,5.06,5.18,23.46,52.38,100.14,250.75,4.23,11.73,248.7566037,179.469
2020,1,30,5.25,5.3,23.83,43.69,100.12,163.19,4.16,12.27,244.2864744,187.731
2020,1,31,4.15,5.04,23.97,55.75,99.98,271.12,3.94,9.96,230.9350863,152.388
2020,2,1,5.49,5.57,22.19,59.12,100.14,248.44,4.53,12.73,267.5444656,194.769
2020,2,2,5.47,5.58,22.55,47.75,100.15,174.06,3.91,12.34,230.6687911,188.802
2020,2,3,5.01,5.21,24.05,52.5,100.07,166.31,3.78,11.61,221.6967608,177.633
2020,2,4,4.03,5.28,23.59,63.44,99.99,238.38,3.7,9.94,217.1674107,152.082
2020,2,5,5.41,5.53,23.24,54.44,99.99,160.38,3.26,12.45,191.5680484,190.485
2020,2,6,4.67,5.31,24.23,51.81,100.14,154.81,2.93,11.3,171.8604337,172.89
2020,2,7,4.47,4.96,24.72,60.06,100.16,182.12,2.62,10.6,153.4550888,162.18
2020,2,8,4.6,5.33,23.94,57.81,100.29,225.31,5.42,11.03,318.699467,168.759
2020,2,9,5.6,5.75,21.3,45.19,100.35,298.06,6.6,13.06,391.7979929,199.818
2020,2,10,5.73,5.95,19.9,46.56,100.26,239.88,6.82,13.34,406.4272347,204.102
2020,2,11,6.09,6.11,20.23,45.56,100.17,241.56,6.27,13.82,372.8955181,211.446
2020,2,12,5.71,5.7,22.36,32.69,100.2,199.31,5,12.67,295.3098936,193.851
2020,2,13,5.53,5.55,24.08,40.19,100.26,165.06,4.14,12.83,243.2472018,196.299
2020,2,14,5.47,5.47,25.54,41.12,100.09,156,2.8,12.88,163.4332778,197.064
2020,2,15,5.21,5.58,25.78,50.75,99.87,160.06,3.74,12.55,217.6454553,192.015
2020,2,16,5.54,5.66,25.78,62.25,99.7,162.62,5.4,13.12,313.7125328,200.736
2020,2,17,5.42,5.66,25.58,61.38,99.74,166.5,3.05,12.93,177.3792513,197.829
2020,2,18,5.14,5.83,25.21,65.25,99.84,183.12,2.97,12.52,173.114273,191.556
2020,2,19,3,5.61,23.64,61.38,99.93,252.31,5.22,8,306.1466981,122.4
2020,2,20,5.58,6.45,20.56,42.19,100.13,198.44,6.56,13.21,389.5487144,202.113
2020,2,21,6.17,6.29,21.44,46.75,99.92,189.62,3.84,14.32,226.8705388,219.096
2020,2,22,6.45,6.48,22.94,48.5,100.02,184,3.27,15.14,192.4080845,231.642
2020,2,23,4.93,6.01,24.69,54.62,99.91,174.5,4.14,12.09,241.9015939,184.977
2020,2,24,4.69,5.91,24.73,64.81,99.76,215.38,3.84,11.71,224.005547,179.163
2020,2,25,2.97,5.62,21.46,56.5,100.15,325.19,7,7.29,414.4899098,111.537
2020,2,26,6.71,6.7,20.65,42.69,100.25,205.38,6.27,15.4,372.659832,235.62
2020,2,27,6.38,6.45,23.58,39.38,100,171.69,3.71,15.08,217.7834664,230.724
2020,2,28,6.16,6.17,25.16,49.75,99.85,217.38,3.27,14.71,190.6516038,225.063
2020,2,29,5.06,6.16,25.01,59.38,99.72,216.88,3.26,12.44,189.9166073,190.332
2020,3,1,6.5,6.57,23.82,47.5,99.87,226.69,5.96,14.81,349.125189,226.593
2020,3,2,6.56,6.78,25.03,41.31,99.88,165.44,4.84,15.3,282.395543,234.09
2020,3,3,6.16,6.31,25.29,40.56,99.87,208.38,3.45,14.23,201.0988406,217.719
2020,3,4,5.64,6.02,26.4,55.38,99.87,213.5,3.12,13.34,181.1893943,204.102
2020,3,5,6.34,6.43,26.68,59.19,99.83,176.12,2.91,15.01,168.7685148,229.653
2020,3,6,6.5,6.6,26.2,63.75,99.77,198.69,3.32,15.32,192.7397301,234.396
2020,3,7,6.79,6.84,24.99,54.69,99.85,270.5,5.7,16.06,332.5179779,245.718
2020,3,8,6.93,6.93,25.73,36.56,99.79,173.44,4.67,15.95,271.5935813,244.035
2020,3,9,6.63,6.74,26.98,27.69,99.62,149,4.65,15.31,268.8453537,234.243
2020,3,10,6.42,6.55,26.78,36.19,99.64,174.88,3.59,15.16,207.7402802,231.948
2020,3,11,6.43,6.52,28.37,39.44,99.54,151.31,3.7,15.35,212.7627961,234.855
2020,3,12,6.44,6.53,29.26,44.81,99.26,142.88,7.8,15.64,445.9489837,239.292
2020,3,13,1.84,5.21,27.58,54,99.51,232.69,6.7,4.28,386.1688402,65.484
2020,3,14,6.03,6.45,23.42,48.75,99.94,308.31,5.57,13.92,326.9488215,212.976
2020,3,15,6.92,6.97,22.88,49.69,99.79,215.06,5.43,16.34,318.833231,250.002
2020,3,16,6.1,6.5,24.39,53.5,99.64,201.88,3.41,14.06,198.9093473,215.118
2020,3,17,6.31,6.56,25.31,48.38,99.61,182,2.83,14.76,164.518861,225.828
2020,3,18,7.12,7.14,25.19,44.75,99.73,248.06,5.51,17.19,320.8325223,263.007
2020,3,19,7.13,7.12,23.62,41.25,99.85,249.25,5.49,16.67,321.7457879,255.051
2020,3,20,7.22,7.29,23.17,39.25,99.78,207.31,5.19,16.98,304.4124045,259.794
2020,3,21,7.28,7.32,23.65,40.56,99.64,239.5,4.78,17.28,279.5182522,264.384
2020,3,22,7.44,7.46,22.34,43.5,99.91,254.06,6.52,17.55,383.995575,268.515
2020,3,23,7.72,7.72,23.15,32.38,99.86,168.06,4.88,17.93,286.4785998,274.329
2020,3,24,7.26,7.31,25.84,28.94,99.55,173.25,3.94,17.07,228.5037208,261.171
2020,3,25,6.94,7.23,27.8,28.88,99.34,160.19,3.12,16.48,179.3894322,252.144
2020,3,26,7.24,7.28,27.83,36.06,99.34,162.62,2.73,17.18,156.9501077,262.854
2020,3,27,7.04,7.12,28.19,44.69,99.34,162,8.19,16.86,470.2878152,257.958
2020,3,28,6.54,6.64,27.81,56.62,99.51,230.38,6.44,15.66,370.8995176,239.598
2020,3,29,7.18,7.28,24.93,52.62,99.63,324.38,5.95,17.02,346.4070416,260.406
2020,3,30,7.35,7.48,25.98,47.25,99.61,161.38,4.52,17.63,262.1765577,269.739
2020,3,31,7.05,7.12,27.26,43.12,99.61,175.31,3.1,16.48,179.0452079,252.144
2020,4,1,7.15,7.23,28.41,43.62,99.68,174.06,3.89,17.36,223.9733517,265.608
2020,4,2,7.1,7.16,28.42,42.19,99.62,238.12,4.38,17.23,252.0257786,263.619
2020,4,3,7.58,7.61,28.64,30,99.61,211.31,5.85,18,336.3306249,275.4
2020,4,4,7.23,7.25,29.82,30.88,99.6,160.81,3.79,17.8,217.0258044,272.34
2020,4,5,6.94,6.97,31.46,40.94,99.64,142.69,2.98,16.8,169.7924127,257.04
2020,4,6,7.13,7.23,31.41,40.81,99.64,153.81,4.01,17.24,228.5165616,263.772
2020,4,7,7.28,7.31,31.35,35.44,99.54,165.25,4.2,17.56,239.1509349,268.668
2020,4,8,7.48,7.56,30.97,37.56,99.46,232.31,3.76,18.44,214.192259,282.132
2020,4,9,6.77,7.16,29.72,44,99.4,178.88,4.23,16.27,241.8148387,248.931
2020,4,10,5.58,7.12,27.32,43.81,99.55,309.69,6.38,13.52,368.1910939,206.856
2020,4,11,5.63,7.16,25.35,40.06,99.75,343.56,7.77,13.74,452.2744361,210.222
2020,4,12,7.3,7.63,25,42.62,99.73,277.25,6.48,17.73,377.5534685,271.269
2020,4,13,7.83,7.91,25.34,43.38,99.66,219.06,5.62,18.62,326.8435098,284.886
2020,4,14,7.99,8.04,25.28,46.5,99.65,206,5.34,19.05,310.590762,291.465
2020,4,15,7.75,7.83,24.59,40.75,99.82,214.69,5.41,18.18,315.9294415,278.154
2020,4,16,7.5,7.56,26.39,47.69,99.63,184.44,4.06,17.48,235.2197541,267.444
2020,4,17,7.77,7.85,26.86,41.81,99.4,166.5,3.71,18.36,214.1100319,280.908
2020,4,18,6.13,7.25,27.45,45.75,99.46,237.94,2.84,14.7,163.6779857,224.91
2020,4,19,5.8,7.06,27.62,57.81,99.41,202.12,2.97,14.2,170.9875385,217.26
2020,4,20,6.93,7.12,28.27,52.62,99.4,253.81,3.09,16.7,177.4946436,255.51
2020,4,21,7.33,7.73,28.73,43.75,99.57,198.69,2.81,17.79,161.4406654,272.187
2020,4,22,7.93,8.08,29.12,46.25,99.66,179.75,3.4,19.37,195.2617634,296.361
2020,4,23,7.97,8.03,29.69,47.56,99.61,185.44,2.7,19.23,154.6913109,294.219
2020,4,24,8.02,8.07,30.7,30.94,99.5,176.31,2.83,19.34,161.4220018,295.902
2020,4,25,7.79,7.86,31.1,42.06,99.37,198.81,4.16,18.87,236.6630661,288.711
2020,4,26,7.35,7.49,29.07,51.38,99.57,273.88,4.63,17.79,265.7044023,272.187
2020,4,27,7.84,7.91,28.98,36.69,99.61,218.88,5.17,19.02,296.9012907,291.006
2020,4,28,7.82,7.89,30.98,35.69,99.44,160.75,3.55,19,202.1820799,290.7
2020,4,29,7.47,7.57,29.78,58.38,99.37,210.56,6.02,18.5,343.9710953,283.05
2020,4,30,7.88,7.96,28.98,41.88,99.47,222.06,5.22,19.19,299.3513516,293.607
2020,5,1,7.88,7.99,29.33,35.69,99.53,249.62,4.88,19.07,279.6981635,291.771
2020,5,2,8.23,8.31,28.94,38.06,99.53,238.94,4.17,19.65,239.3129294,300.645
2020,5,3,8.29,8.36,30.06,34.62,99.44,171.88,3.11,19.71,177.6603189,301.563
2020,5,4,7.94,8.03,30.69,26.62,99.42,167.12,3.68,19.07,209.7437764,291.771
2020,5,5,7.82,7.91,30.86,32.62,99.51,188.75,3.73,19.02,212.6670182,291.006
2020,5,6,7.73,7.81,31.66,38,99.51,225,3.85,18.44,218.9327327,282.132
2020,5,7,7.74,7.82,30.36,39.88,99.45,202.69,4.55,18.78,259.6902429,287.334
2020,5,8,7.33,7.48,32.16,39.94,99.39,191,3.13,18.28,177.4836911,279.684
2020,5,9,6.93,7.36,31.69,51.06,99.44,161.38,3.7,17.4,210.2341871,266.22
2020,5,10,6.27,7.4,31.81,52.44,99.57,244.94,3.85,15.91,218.9569883,243.423
2020,5,11,7.22,7.41,32.15,44.88,99.59,270.81,4.59,17.7,260.8038912,270.81
2020,5,12,6.65,7.31,33.02,36.56,99.47,212.12,4.15,16.04,234.8497129,245.412
2020,5,13,7.08,7.2,34.3,32.12,99.32,220.25,3.53,17.03,198.6320716,260.559
2020,5,14,6.54,7.09,34.12,39,99.15,143.38,2.41,15.58,135.4571874,238.374
2020,5,15,6.84,7.17,34.21,36.75,99.17,173,2.83,16.46,159.0493338,251.838
2020,5,16,7.35,7.51,34.73,35.38,99.23,142.31,4.77,18.07,267.7887609,276.471
2020,5,17,7.37,7.55,34.93,32.81,99.29,184.88,3.53,18.13,198.1660093,277.389
2020,5,18,2.45,6.45,35.05,32.69,99.39,205.94,2.38,5.98,133.6901672,91.494
2020,5,19,4.18,7.13,34.05,36.44,99.45,223.44,2.99,10.54,168.6037453,161.262
2020,5,20,7.41,7.52,34.08,31.62,99.29,191.94,3.06,17.73,172.2565598,271.269
2020,5,21,7.43,7.57,34.82,27.94,99.26,214.44,2.9,17.71,162.8082128,270.963
2020,5,22,7.76,7.87,34.87,24.56,99.34,178.19,3.59,18.69,201.6750349,285.957
2020,5,23,7.7,7.85,34.46,26,99.36,181,4.58,18.3,257.6849558,279.99
2020,5,24,7.71,7.81,32.11,43.56,99.28,266.06,6.27,18.77,355.1991048,287.181
2020,5,25,7.77,7.84,30.55,48.5,99.41,335.69,7.45,18.7,424.7701675,286.11
2020,5,26,7.7,7.81,31.68,37.69,99.44,221.75,5.76,18.59,327.2942278,284.427
2020,5,27,7.43,7.54,34.31,32.56,99.38,167.81,4.34,17.7,244.3501175,270.81
2020,5,28,7.45,7.62,34.5,31.38,99.36,207,5.2,17.85,292.530033,273.105
2020,5,29,7.5,7.65,32.26,44.69,99.28,274.19,6.73,17.95,381.0711169,274.635
2020,5,30,7.6,7.68,31.04,53.06,99.25,332.69,7.95,18.25,451.8197015,279.225
2020,5,31,7.75,7.83,30.48,50.19,99.31,336.62,7.93,18.68,451.7872212,285.804
2020,6,1,7.85,7.94,31.48,40.31,99.28,279.75,6.63,18.76,376.3700698,287.028
2020,6,2,8.02,8.09,32.25,34.75,99.19,251,5.73,19.6,324.1648584,299.88
2020,6,3,8.01,8.1,33.16,31,99.13,227.25,6.93,19.44,390.6516101,297.432
2020,6,4,7.97,8.06,33.16,40.31,99.09,291.12,5.38,19.51,303.1540551,298.503
2020,6,5,7.54,7.7,33.57,39.38,99.28,207.5,3.86,18.28,217.6303351,279.684
2020,6,6,5.33,7.38,35.56,33.38,99.34,151.81,2.65,13.48,148.5360207,206.244
2020,6,7,5.61,7.26,34.64,37.62,99.19,191.88,3.23,13.89,181.3127563,212.517
2020,6,8,6.75,7.33,36.07,31.5,99.01,193.12,3.91,16.49,218.072396,252.297
2020,6,9,7.45,7.7,36.24,24.81,99.03,200.62,3.91,17.96,217.9965985,274.788
2020,6,10,7.77,7.84,35.12,31.62,99.05,214.62,5.48,18.78,306.7017324,287.334
2020,6,11,8.07,8.13,33.65,37.12,98.98,222,6.24,19.77,350.6623484,302.481
2020,6,12,7.98,8.04,32.48,46.94,98.85,317.81,5.3,19.57,298.5857072,299.421
2020,6,13,7.76,7.86,33.01,45.44,98.85,301.75,4.34,18.94,244.0789954,289.782
2020,6,14,7.76,8.01,34.37,35.44,98.95,194.75,3.05,18.88,170.9443397,288.864
2020,6,15,7.57,7.8,35.37,34.44,99.03,227.19,3.66,18.31,204.6336237,280.143
2020,6,16,7.78,7.88,33.94,36.06,98.99,280.44,6.31,18.98,354.2969896,290.394
2020,6,17,7.82,7.89,33.58,35.94,98.99,277.38,6.47,19.01,363.7071204,290.853
2020,6,18,7.97,8.05,33.88,36.69,98.87,278.44,5.73,19.49,321.4036442,298.197
2020,6,19,7.75,7.83,32.93,44.19,98.99,251.94,7.04,18.55,396.5897485,283.815
2020,6,20,8.04,8.12,31.18,44.69,99.11,288,5.61,19.51,318.2350602,298.503
2020,6,21,8.2,8.27,30.44,49.38,99.12,317.69,4.88,19.88,277.5275529,304.164
2020,6,22,7.91,7.98,34.39,39.81,98.94,196.25,4.29,19.47,240.4030877,297.891
2020,6,23,8.17,8.26,37.15,23.12,98.93,165.56,6.2,19.78,344.3105865,302.634
2020,6,24,7.87,8.02,36.41,29.94,98.97,205.62,6.61,18.94,368.1057869,289.782
2020,6,25,8.23,8.29,35.22,29.19,98.88,220.56,6.17,19.86,344.6148232,303.858
2020,6,26,7.57,7.66,33.38,36.62,98.87,263.12,6.66,18.05,374.1779844,276.165
2020,6,27,7.59,7.72,34.53,33.19,98.83,250.06,5.77,18.41,322.8329055,281.673
2020,6,28,7.36,7.62,34.65,38.69,98.75,272.75,5.6,17.64,312.9456859,269.892
2020,6,29,7.54,7.73,33.49,45.62,98.76,283.25,4.82,18.34,270.4031624,280.602
2020,6,30,7.51,7.68,33.19,44.5,98.72,287.56,6.27,18.12,351.9503753,277.236
2020,7,1,7.6,7.81,33.58,38.88,98.74,261.69,6.27,18.52,351.5740907,283.356
2020,7,2,7.41,7.77,33.12,32.5,98.73,260.44,5.73,17.93,321.7449607,274.329
2020,7,3,7.63,7.79,34.01,30.19,98.81,318.56,5.25,18.34,294.1765138,280.602
2020,7,4,7.77,7.84,33.87,32.69,98.83,236,6.26,18.9,351.0014531,289.17
2020,7,5,7.71,7.81,33.19,41.75,98.58,278.56,6.96,18.52,390.12771,283.356
2020,7,6,7.52,7.79,33.41,37.69,98.69,270.56,4.45,18.43,249.5342283,281.979
2020,7,7,7.33,7.47,33.88,32.25,98.88,262.31,4.03,17.45,226.0711505,266.985
2020,7,8,7.63,7.74,33.69,32,99.06,289.5,4.46,18.45,250.8035396,282.285
2020,7,9,7.83,7.89,33.8,28.56,98.99,212.94,5.86,18.95,329.1802386,289.935
2020,7,10,7.48,7.67,33.83,31.88,98.99,214.75,6.7,18.19,376.3297035,278.307
2020,7,11,7.77,7.84,33.29,35.38,98.98,215.56,6.5,19.01,365.7023959,290.853
2020,7,12,7.93,8.01,32.3,41.25,98.78,208.56,5.09,19.47,286.7207525,297.891
2020,7,13,7.69,7.81,33.41,37.94,98.7,215.62,3.91,18.73,219.2758867,286.569
2020,7,14,7.76,7.84,34.92,29,98.87,217.62,4.05,18.92,226.4032214,289.476
2020,7,15,7.89,7.98,35.28,27.62,98.98,202.31,5.93,19.39,331.4804976,296.667
2020,7,16,7.83,7.95,34.18,30.81,98.83,209.81,6.05,19.15,338.8844702,292.995
2020,7,17,7.3,7.54,34,37.19,98.86,206.62,4.26,17.52,238.8317928,268.056
2020,7,18,7.3,7.4,33.73,39.5,98.91,266.25,4.91,17.21,275.6548015,263.313
2020,7,19,7.32,7.54,32.57,44.62,98.78,290.38,6.09,17.59,342.7479901,269.127
2020,7,20,4.67,7.04,32.98,47.62,98.84,262.38,3.1,11.39,174.3415859,174.267
2020,7,21,6.57,6.8,33.74,51.31,98.7,249.56,2.86,15.12,160.2185886,231.336
2020,7,22,6.8,7.16,33.17,55.62,98.58,203.19,3.91,16.34,219.1808824,250.002
2020,7,23,6.79,7.15,34.32,47.81,98.53,234.94,3.19,16.55,178.0610259,253.215
2020,7,24,6.45,6.97,34.52,47.38,98.69,235.56,2.77,15.4,154.7676612,235.62
2020,7,25,6.89,7.02,34.87,41.69,98.75,259.81,2.94,16.3,164.1791381,249.39
2020,7,26,6.38,6.92,35.05,40.81,98.84,223.5,2.71,15.17,151.3846518,232.101
2020,7,27,6.34,7.28,33.65,49,98.99,179.56,4.25,16.03,238.8566584,245.259
2020,7,28,6.15,6.75,31.65,61.62,99,193.62,4.04,15.05,228.5672748,230.265
2020,7,29,5.83,7.04,32.68,57.31,99.1,175.44,5.62,14.91,317.2066902,228.123
2020,7,30,6.26,6.83,33.18,57.62,99.22,200.81,5.34,15.48,301.2752128,236.844
2020,7,31,6.35,6.87,33.51,56.19,98.98,194.12,5.14,15.66,288.9787381,239.598
2020,8,1,6.49,6.88,32.71,59.38,98.88,173.31,7.22,15.89,406.5700885,243.117
2020,8,2,6.31,6.71,31.8,65.44,99.15,185.12,6.08,15.46,344.334163,236.538
2020,8,3,6.03,6.9,33.65,55.25,99.14,236.62,4.05,15.13,227.9612531,231.489
2020,8,4,5.85,7.27,33.29,56.75,98.95,242.38,3.54,14.59,199.1067851,223.227
2020,8,5,7.06,7.37,32.98,54.81,99.04,216.19,3.65,17.72,205.6885221,271.116
2020,8,6,6.74,7.07,33.63,55.06,99.21,218.25,4.32,16.75,243.3462211,256.275
2020,8,7,7.01,7.4,33.69,54.94,99.2,282.12,5.33,17.84,300.1506998,272.952
2020,8,8,7.29,7.45,33.33,48.5,99.04,253.88,2.68,17.89,150.8536212,273.717
2020,8,9,6.61,7.22,32.98,54.69,99.06,210.44,3.68,16.32,207.4209906,249.696
2020,8,10,7.18,7.26,33.73,50.62,99.2,249.12,3.85,17.48,216.7785312,267.444
2020,8,11,7.21,7.31,33.88,53.62,99.17,289,4.77,17.64,268.3677548,269.892
2020,8,12,7.42,7.58,33.76,48.5,99.05,310.06,5.7,18.34,320.4282143,280.602
2020,8,13,7.35,7.41,33.46,43.19,98.99,223.69,4.29,18.05,241.2541287,276.165
2020,8,14,7.32,7.51,34.45,39.94,98.88,229.56,3.98,18.42,222.8525725,281.826
2020,8,15,7.5,7.57,34.37,43.5,98.78,328.81,3.91,18.55,218.7685389,283.815
2020,8,16,7.19,7.4,34.48,39.31,98.86,209.25,2.91,17.75,162.8911025,271.575
2020,8,17,7.38,7.45,35.37,37.5,98.87,222.62,3.26,18.35,181.9748058,280.755
2020,8,18,7.27,7.44,34.96,42.81,98.74,207,4.28,17.88,238.9150736,273.564
2020,8,19,7.37,7.43,34.58,45.88,98.65,228.12,4.11,18.31,229.4993859,280.143
2020,8,20,7.13,7.24,34.34,52.19,98.77,268.62,3.96,17.43,221.5652751,266.679
2020,8,21,6.9,7.39,34.82,48.06,98.86,288.06,4.48,17.38,250.4970757,265.914
2020,8,22,6.62,7.11,34.33,44.06,98.82,231.25,4.15,16.27,232.3210313,248.931
2020,8,23,7.22,7.32,33.86,43.69,98.85,297.31,3.8,17.8,213.1180343,272.34
2020,8,24,7.27,7.33,34.99,33,98.87,208.06,4.73,17.92,264.3565344,274.176
2020,8,25,7.18,7.32,34.65,39.38,99.02,294,5.54,17.74,310.4391777,271.422
2020,8,26,7.14,7.21,34.26,42.44,99.12,260.94,5.42,17.37,304.4072853,265.761
2020,8,27,7.17,7.25,33.66,42.88,99.03,289.19,4.75,17.52,267.0566096,268.056
2020,8,28,7.41,7.51,33.23,41.12,98.93,219.44,4.38,18.25,246.3509043,279.225
2020,8,29,7.34,7.39,33.44,38.75,98.96,236.62,4.83,17.98,271.5571769,275.094
2020,8,30,7.22,7.43,33.77,42.94,99,248.62,4.89,17.7,274.7459614,270.81
2020,8,31,7.15,7.3,33.8,48.44,98.92,301.06,3.59,17.36,201.5224209,265.608
2020,9,1,6.69,7.08,33.84,49.12,98.93,298.81,3.61,16.27,202.6391874,248.931
2020,9,2,6.63,6.98,34.8,45.75,99.03,246.06,2.95,15.95,165.2422271,244.035
2020,9,3,5.72,6.56,34.98,47.19,99.19,262.75,3.42,13.84,191.766378,211.752
2020,9,4,6.24,6.8,35.26,43.69,99.12,165.88,3.34,15.52,186.978539,237.456
2020,9,5,6.45,6.78,34.1,48.38,98.93,152.12,2.95,15.28,165.4514534,233.784
2020,9,6,6.9,7.05,33.92,52.75,98.82,213.56,2.22,16.53,124.4436922,252.909
2020,9,7,6.86,6.97,33.74,49.31,98.9,155,3.41,16.24,191.4169476,248.472
2020,9,8,6.68,6.91,33.69,49.31,99.1,156,3.86,16.22,217.1508023,248.166
2020,9,9,6.6,6.77,33.84,48.62,99.08,183.19,2.97,15.87,166.9670106,242.811
2020,9,10,6.38,6.59,33.55,54.94,99.04,195.44,3.94,15.52,221.6182548,237.456
2020,9,11,6.39,6.69,34.87,45.25,99.11,162.69,2.51,15.55,140.6775299,237.915
2020,9,12,6.22,6.5,35.31,44.25,99.26,264.38,4.23,15.03,237.0981892,229.959
2020,9,13,6.8,6.98,35.72,43.75,99.15,206.31,5.34,16.21,298.5868661,248.013
2020,9,14,6.8,6.96,36.74,31.44,99.03,179.25,3.71,15.93,206.5121365,243.729
2020,9,15,6.45,6.68,34.86,48.44,99.05,212.5,2.69,15.41,150.6795784,235.773
2020,9,16,6.42,6.64,34.26,50.5,99.06,191.12,3.1,15.11,174.002096,231.183
2020,9,17,6.89,7,35.74,33.62,99.06,204.81,4.05,16.27,226.2361238,248.931
2020,9,18,6.7,6.91,34.58,40.12,99.1,155.88,3.79,16.16,212.5961918,247.248
2020,9,19,6.66,6.81,34.99,32.75,99.03,166.12,3.2,16.05,179.1352822,245.565
2020,9,20,6.73,6.89,33.94,38.94,99.04,153.19,3.08,16.21,173.0247088,248.013
2020,9,21,6.48,6.74,34.36,36.75,99.15,183.38,3.49,15.06,196.0068979,230.418
2020,9,22,6.73,6.85,36.11,35.06,99.11,207.31,4.68,16.05,261.2474324,245.565
2020,9,23,6.68,6.79,36.64,25.5,99.04,141.31,4.61,15.43,256.7181743,236.079
2020,9,24,6.82,6.95,36.76,23.44,98.98,126.19,4.87,16.12,270.9276149,246.636
2020,9,25,6.66,6.72,34.94,29.56,99.05,161.75,4.12,15.88,230.7206927,242.964
2020,9,26,6.55,6.61,34.17,45.5,99.03,250.19,3.3,15.79,185.2261703,241.587
2020,9,27,6.6,6.73,34.47,44.19,99.14,230.69,3.65,15.77,204.8989177,241.281
2020,9,28,6.54,6.63,35.75,36.12,99.21,194.75,3.01,15.23,168.3900749,233.019
2020,9,29,6.46,6.71,34.56,35.62,99.16,146.06,3.29,15.41,184.6729382,235.773
2020,9,30,6.02,6.34,33.08,52.19,99.07,178.25,2.88,14.48,162.2928435,221.544
2020,10,1,5.78,6.26,32.58,53.44,99.19,183.44,2.49,13.98,140.7154015,213.894
2020,10,2,6.03,6.29,32.65,54.06,99.36,146.75,2.84,14.59,160.7329424,223.227
2020,10,3,6.21,6.43,32.53,52.69,99.48,166.38,2.88,15.12,163.2577071,231.336
2020,10,4,6.24,6.31,30.56,63.25,99.61,182.81,2.99,15.04,170.8155839,230.112
2020,10,5,6.09,6.14,31.42,56.88,99.57,206.31,2.87,14.41,163.4314876,220.473
2020,10,6,6.18,6.25,32.3,54.56,99.45,190.31,3.3,14.96,187.1505255,228.888
2020,10,7,6.13,6.18,32.01,58.56,99.4,187.31,2.37,14.7,134.4681956,224.91
2020,10,8,6.24,6.29,32.35,49.06,99.47,153.06,3.5,14.97,198.5004067,229.041
2020,10,9,6.07,6.11,33.46,39,99.52,152.75,3.68,14.11,208.0579543,215.883
2020,10,10,6.37,6.39,33.67,30.62,99.51,170.69,3.8,14.89,214.6738329,227.817
2020,10,11,6.51,6.5,34.29,22.88,99.42,110.25,4,15.16,225.312783,231.948
2020,10,12,6.54,6.53,32.28,28.69,99.44,150.62,4.5,15.12,255.19631,231.336
2020,10,13,6.63,6.61,32.61,27,99.46,149.94,4.06,15.62,230.041543,238.986
2020,10,14,6.59,6.57,32.37,17.12,99.5,157.94,4.59,15.23,260.3805704,233.019
2020,10,15,6.65,6.65,32.58,19.88,99.52,154.56,4.18,15.42,237.0069306,235.926
2020,10,16,6.29,6.28,32.87,24.69,99.41,177.5,3.9,14.55,220.677128,222.615
2020,10,17,6.42,6.4,32.86,23.56,99.38,161.75,3.77,14.77,213.2638165,225.981
2020,10,18,6.44,6.41,32.31,21,99.45,154.06,4.17,14.81,236.4824674,226.593
2020,10,19,6.34,6.32,31.98,20.06,99.58,160.5,4.83,14.55,274.5660253,222.615
2020,10,20,6.41,6.38,31.35,24.69,99.62,171.44,5.34,14.61,304.3077063,223.533
2020,10,21,6.33,6.31,31.08,25.25,99.64,162.62,5.3,14.35,302.3569837,219.555
2020,10,22,6.2,6.17,32.05,20.12,99.62,147.88,5.26,14.49,299.0612921,221.697
2020,10,23,6.07,6.04,32.67,22.56,99.48,146.81,5.35,13.98,303.1350313,213.894
2020,10,24,6.07,6.04,31.72,33.38,99.41,156.56,4.82,14.25,273.7630775,218.025
2020,10,25,5.83,5.82,30.6,46.88,99.4,185.75,3.72,13.85,212.0437572,211.905
2020,10,26,5.72,5.74,30.59,52.44,99.56,193.62,2.89,13.55,165.0035147,207.315
2020,10,27,5.95,5.93,30.57,37.44,99.64,175.88,3.58,13.8,204.5765298,211.14
2020,10,28,5.94,5.92,30.23,37.75,99.68,169.5,3.6,13.7,206.0326442,209.61
2020,10,29,5.83,5.82,30.38,36.69,99.71,159.75,3.23,13.74,184.8213209,210.222
2020,10,30,5.56,5.6,30.23,41.69,99.73,162.75,3.48,13.16,199.2647915,201.348
2020,10,31,5.74,5.75,30.24,52.38,99.69,168.69,3.34,13.63,191.1653842,208.539
2020,11,1,5.52,5.52,30.44,53.19,99.73,179.31,3.15,13.1,180.244227,200.43
2020,11,2,5.28,5.49,30.44,51.38,99.89,199.81,3.31,12.77,189.703349,195.381
2020,11,3,5.31,5.38,30.09,57.25,99.95,264.62,3.02,12.8,173.3866703,195.84
2020,11,4,4.7,5.27,29.8,60.25,99.84,261.5,3.09,11.53,177.3799581,176.409
2020,11,5,5.38,5.37,29.8,54.12,99.66,260.19,4.39,12.9,251.5514931,197.37
2020,11,6,5.16,5.29,29.3,52.31,99.67,205.81,3.59,12.37,206.0714235,189.261
2020,11,7,3.61,5.21,29,55.44,99.76,182.19,2.7,9.17,155.2780467,140.301
2020,11,8,4.91,5.23,29.4,59.69,99.81,147.56,2.84,11.97,163.1953167,183.141
2020,11,9,4.45,5.15,29.8,61.94,99.92,190.31,3.46,10.98,198.7787798,167.994
2020,11,10,5.06,5.07,29.76,62.06,99.77,182.88,3.47,11.99,199.0803012,183.447
2020,11,11,5.03,5.1,29.57,59.81,99.8,225.38,4.66,11.95,267.6010397,182.835
2020,11,12,5.24,5.22,28.73,54.5,99.93,220.81,5.09,12.3,293.4889683,188.19
2020,11,13,5.25,5.24,28.2,53.44,99.92,222,5.02,12.23,289.9328335,187.119
2020,11,14,5.18,5.17,28.86,54.06,99.77,195.81,4.01,12.22,230.7466872,186.966
2020,11,15,4.5,5,28.65,58.69,99.71,186.88,3.12,10.63,179.5504624,162.639
2020,11,16,5.31,5.27,28.22,55.81,99.82,197.88,4.08,12.53,235.3911679,191.709
2020,11,17,5.24,5.2,28.39,46.5,99.88,196.5,4.27,12.3,246.3621193,188.19
2020,11,18,5.12,5.1,28.56,48.44,99.72,165.5,3.39,12.09,195.1662495,184.977
2020,11,19,4.89,4.97,28.39,61.69,99.7,166.12,3.92,11.5,225.7609105,175.95
2020,11,20,4.99,5.02,28.73,64.69,99.62,159.38,6.49,11.77,373.0519771,180.081
2020,11,21,3.31,4.77,27.28,69.62,99.81,239.06,5.58,8.29,322.9069629,126.837
2020,11,22,5.03,5.03,26.48,61.56,99.94,236.5,5.45,11.85,316.63798,181.305
2020,11,23,5.02,5.02,26.89,63.75,99.92,324.5,3.91,11.78,226.8101465,180.234
2020,11,24,5.04,5.02,27.6,62.56,99.76,254.5,3.04,11.66,175.6454246,178.398
2020,11,25,4.85,4.85,27.51,66.94,99.61,160.12,3.62,11.38,208.9047479,174.114
2020,11,26,2.98,4.55,26.8,72.38,99.66,214.25,3.9,7.59,225.709104,116.127
2020,11,27,4.43,4.76,26.48,61.38,99.8,206,4.89,10.62,283.7047187,162.486
2020,11,28,3.94,4.82,25.64,60.25,99.9,211.5,5.51,9.66,320.8953929,147.798
2020,11,29,5.08,5.04,24.34,51.81,99.94,209.81,5.3,11.76,310.1382244,179.928
2020,11,30,4.72,4.91,24.78,53.25,99.88,271.75,4.55,11.16,265.6979153,170.748
2020,12,1,5.03,5,24.2,58.56,99.85,206.12,3.66,11.45,214.0788016,175.185
2020,12,2,4.42,4.82,25.49,52.56,99.92,176.75,3.17,10.38,184.7464763,158.814
2020,12,3,3.67,4.5,26.62,52.38,99.93,200.06,3.52,8.88,204.3915025,135.864
2020,12,4,3.31,4.62,26.62,56.12,99.89,214.56,3.22,8.36,186.896931,127.908
2020,12,5,3.68,4.57,25.73,58.38,99.92,234.94,4.42,8.95,257.3891842,136.935
2020,12,6,5.12,5.08,23.9,44,100.04,178.25,4.95,11.73,290.3767087,179.469
2020,12,7,5.14,5.1,23.97,31.81,100.17,170.62,5.96,11.49,349.9971438,175.797
2020,12,8,4.98,4.93,26.67,27.88,100.04,89.56,5.45,10.98,316.7539495,167.994
2020,12,9,4.94,4.9,27.08,38.81,100.05,208.44,3.33,10.99,193.2945875,168.147
2020,12,10,4.99,4.95,26.87,37.38,99.99,156.38,3.17,11.21,184.0255299,171.513
2020,12,11,5.06,5.01,25.14,35.69,100.09,180.75,4.8,11.3,280.5470366,172.89
2020,12,12,5.04,5,24.51,34.25,100.01,174.19,3.13,11.16,183.1807111,170.748
2020,12,13,4.98,4.94,25.56,38.31,99.95,146.81,2.91,11.13,169.6049326,170.289
2020,12,14,4.68,4.68,26.76,54.56,99.83,159.25,3.77,10.68,218.5867977,163.404
2020,12,15,4.18,4.7,26.83,71.06,99.85,189.25,4.25,9.97,246.4093321,152.541
2020,12,16,3.66,4.42,25.81,66.06,99.96,276.62,2.78,8.77,161.9087842,134.181
2020,12,17,4.07,4.54,24.76,57.12,100.03,207.25,4.35,9.7,254.4174512,148.41
2020,12,18,4.24,4.58,24.63,49.19,100,183.94,3.7,9.95,216.4305941,152.235
2020,12,19,4.37,4.51,24.9,51.62,99.99,165.62,2.84,10.03,165.9580164,153.459
2020,12,20,4.46,4.66,25.66,56.88,100.02,167.12,3.24,10.52,188.9074937,160.956
2020,12,21,4.36,4.46,26.43,56.88,100.02,176.06,2.9,10.16,168.6492774,155.448
2020,12,22,4.55,4.55,27.12,59.25,99.98,182.5,3.15,10.67,182.6939625,163.251
2020,12,23,4.25,4.43,26.82,64.94,99.87,193.5,3.16,9.85,183.2553923,150.705
2020,12,24,4.48,4.56,26.3,68.06,99.81,241.31,3.72,10.3,215.9758198,157.59
2020,12,25,3.99,4.37,26.84,58.38,99.72,159.81,2.78,9.32,160.965477,142.596
2020,12,26,3.4,4.09,27.17,60.81,99.69,183.69,3.8,8.03,219.7168634,122.859
2020,12,27,3.69,4.32,26.98,60.88,99.78,171.75,6.23,8.89,360.773468,136.017
2020,12,28,4.32,4.5,26.84,65.56,99.89,180.38,3.45,10.11,200.0998593,154.683
2020,12,29,4.33,4.64,26.81,65.06,99.88,175.56,2.59,10.23,150.2198784,156.519
2020,12,30,4.42,4.55,26.74,64.75,99.8,163.94,3.12,10.33,180.8571173,158.049
2020,12,31,3.39,4.38,26.37,68.69,99.76,180.25,3.11,8.27,180.4278008,126.531
2021,1,1,3.86,4.35,26.16,69.88,99.81,186.25,2.33,9.2,135.3384514,140.76
2021,1,2,4.55,4.56,26.49,65.06,99.97,168.88,2.87,10.51,166.7877898,160.803
2021,1,3,4.75,4.77,26.55,64.25,99.98,185.94,2.81,11.03,163.2845759,168.759
2021,1,4,4.64,4.64,26.11,67.56,99.93,184.69,2.85,10.71,165.7694624,163.863
2021,1,5,4.68,4.67,26.05,67.81,99.93,188.62,3.04,10.81,176.8562186,165.393
2021,1,6,4.54,4.54,26.09,67.38,100,195.06,3.01,10.48,175.2101666,160.344
2021,1,7,4.43,4.48,26.59,63.69,99.87,194.12,3.13,10.31,181.6549086,157.743
2021,1,8,4.64,4.62,26.95,55.25,99.7,187,2.71,10.74,156.823415,164.322
2021,1,9,4.16,4.51,26.18,53.5,99.77,183.56,3.02,9.73,175.3352039,148.869
2021,1,10,4.46,4.6,24.49,62.94,99.86,118.94,2.09,10.41,122.1403064,159.273
2021,1,11,4.75,4.72,23.12,49.69,100.03,124.31,3.23,10.76,189.9579905,164.628
2021,1,12,4.91,4.86,22.59,48.31,100.16,148.62,5.54,10.96,326.8183742,167.688
2021,1,13,5.07,5.03,23.58,50.31,100.06,158.56,3.2,11.65,187.9582849,178.245
2021,1,14,4.73,4.92,24.73,68.38,99.82,159.94,4.34,11.24,253.3252051,171.972
2021,1,15,3.65,4.78,24.23,70.12,99.85,280,2.97,8.85,173.7021582,135.405
2021,1,16,5.03,5,23.19,66.5,99.8,172.88,3.19,11.74,187.1299928,179.622
2021,1,17,5.22,5.18,23,65.25,99.9,187.81,4.28,12.12,251.4837765,185.436
2021,1,18,5.42,5.38,21.41,49.81,100.08,204.81,6.48,12.38,383.496129,189.414
2021,1,19,5.47,5.42,21.84,51.75,99.99,231.38,5.21,12.57,307.6092926,192.321
2021,1,20,5.16,5.15,21.67,60.12,100.21,216.75,5.1,12,301.9511928,183.6
2021,1,21,5.05,5.06,23.35,49.44,100.11,116,4.13,11.67,242.8931507,178.551
2021,1,22,4.33,4.35,24.95,40.5,99.96,152.75,4.52,9.7,264.0068281,148.41
2021,1,23,4.31,4.53,25.51,48.62,99.9,173,3.61,9.95,210.3333227,152.235
2021,1,24,4.79,4.77,25.44,58.25,99.95,177.31,3,11,174.9207165,168.3
2021,1,25,4.72,4.74,25.26,56.94,100.05,182.5,2.86,10.8,167.0252793,165.24
2021,1,26,4.79,4.83,25.54,61.38,99.99,176.94,2.86,11.05,166.7686341,169.065
2021,1,27,4.88,4.94,25.47,67.12,99.86,153.56,3.68,11.41,214.3546664,174.573
2021,1,28,5.22,5.24,25.3,68.75,99.9,170.69,4.24,12.35,247.2135179,188.955
2021,1,29,4.27,5.14,23.99,68.25,100.13,274.94,4.34,10.23,254.7447719,156.519
2021,1,30,5.71,5.71,21.5,48.94,100.19,202.5,6.05,13.05,358.3321365,199.665
2021,1,31,5.36,5.33,23.1,48.94,99.93,184.69,3.45,12.34,202.7071542,188.802
2021,2,1,5.27,5.26,24.63,61.31,99.98,159.81,3.7,12.42,216.387308,190.026
2021,2,2,5.08,5.11,25.68,67.25,100.05,160.62,4.25,11.95,247.8530579,182.835
2021,2,3,5.35,5.46,25.96,65.44,99.92,160.62,4,12.71,232.7522763,194.463
2021,2,4,5.27,5.32,26.11,68.12,99.64,194.44,5.84,12.46,338.6962182,190.638
2021,2,5,1.6,5.08,22.15,66.62,99.87,321.5,5.27,4.55,310.4521496,69.615
2021,2,6,4.74,5.72,20.08,68.44,100.09,315.25,3.7,11.61,219.9867208,177.633
2021,2,7,5.99,5.97,21.91,49.88,100.03,113.81,5.44,13.75,321.2412326,210.375
2021,2,8,5.58,5.58,24.07,42.06,100.05,129.88,5.73,12.85,335.9743622,196.605
2021,2,9,5.42,5.39,24.33,49.38,100.22,164.38,4.35,12.55,255.269152,192.015
2021,2,10,5.42,5.51,24.65,54.38,100.07,158.75,3.23,12.79,189.057618,195.687
2021,2,11,5.76,5.75,25.3,59,99.85,161.31,2.26,13.7,131.7035188,209.61
2021,2,12,5.74,5.76,25.4,62.06,99.73,167.62,2.38,13.75,138.483539,210.375
2021,2,13,4.95,5.71,25.44,64.88,99.77,203.81,2.5,12.17,145.5047514,186.201
2021,2,14,5.85,5.84,25.96,62.5,99.82,169.44,2.9,13.95,168.5765198,213.435
2021,2,15,5.91,5.89,25.95,63.25,99.74,173.31,2.93,14,170.1896027,214.2
2021,2,16,5.84,5.82,25.73,62,99.41,153.75,5.17,13.66,299.5271647,208.998
2021,2,17,3.77,5.38,23.19,67.81,99.75,303.12,6.17,9.32,361.7597501,142.596
2021,2,18,5.4,6.16,20.26,52.31,100.3,298,6.98,13.07,415.6175686,199.971
2021,2,19,6.01,6.19,20.51,47.62,100.2,248,5.98,13.99,355.4156639,214.047
2021,2,20,5.99,6.31,21.41,52.94,100.1,258.94,4.73,14.12,279.9844425,216.036
2021,2,21,6.28,6.38,21.5,50.62,100.07,224.12,4.36,14.62,257.9267565,223.686
2021,2,22,5.69,6.2,22.93,48.31,99.97,216.44,3.82,13.62,224.6655256,208.386
2021,2,23,3.97,5.84,23.81,56.56,100.03,211.75,3.76,9.99,220.613768,152.847
2021,2,24,6.3,6.33,21.88,58.38,100.08,224.5,6.5,14.98,384.0669417,229.194
2021,2,25,6.77,6.75,21.55,47.94,100.06,207.06,5.72,15.55,338.2897543,237.915
2021,2,26,6.2,6.38,23.44,42.06,99.82,213.44,4.11,14.45,240.9435676,221.085
2021,2,27,5.51,6.22,23.91,61.12,99.75,207.44,3.02,13.23,176.6396208,202.419
2021,2,28,4.77,6.23,23.52,64.81,99.81,244.75,3.85,11.8,225.6179281,180.54
2021,3,1,6.89,6.88,22.69,50,99.99,228.06,5.5,15.91,323.7984886,243.423
2021,3,2,5.57,6.45,23.69,45.06,99.94,214.56,4.88,13.44,286.1865356,205.632
2021,3,3,5.5,6.34,24.45,58.62,99.89,248.81,3.64,13.66,212.815337,208.998
2021,3,4,6.1,6.42,23.84,60.62,99.96,257.19,4.92,14.77,288.4443105,225.981
2021,3,5,6.68,6.67,24.92,46.75,100.03,224.94,5.29,16.1,309.2289362,246.33
2021,3,6,6.39,6.42,26.51,47.94,99.88,204.31,3.62,15.21,210.170028,232.713
2021,3,7,6.03,6.07,26.89,46.69,99.7,172.69,3.77,13.84,218.2075659,211.752
2021,3,8,6.24,6.29,27.11,49.06,99.62,159.94,3.82,14.47,220.7622812,221.391
2021,3,9,6.42,6.48,27.31,43.62,99.68,159.31,3.85,15.03,222.4818305,229.959
2021,3,10,6.64,6.7,27.36,50,99.67,164.44,3.3,15.62,190.6478548,238.986
2021,3,11,6.55,6.6,28.42,46.06,99.54,175.25,3.05,15.29,175.3564694,233.937
2021,3,12,6.74,6.78,28.8,45.25,99.52,202.56,3.75,16.05,215.2876188,245.565
2021,3,13,6.77,6.81,28.12,50.19,99.58,192.56,3.81,16.05,219.3580937,245.565
2021,3,14,6.42,6.51,27.96,49,99.48,179.69,3.36,15.15,193.3580815,231.795
2021,3,15,6.63,6.65,28.05,52.81,99.37,165.94,4.66,15.51,267.7926742,237.303
2021,3,16,6.77,6.79,28.28,46.5,99.44,164.75,5.27,15.8,302.8291729,241.74
2021,3,17,6.85,6.9,28.39,43.62,99.51,158.19,3.75,16.29,215.5586806,249.237
2021,3,18,6.69,6.79,28.52,47.31,99.6,191.06,3.02,15.9,173.6787206,243.27
2021,3,19,6.88,6.98,28.26,50.25,99.65,255.06,3.99,16.57,229.7761746,253.521
2021,3,20,7.15,7.19,29.26,37.62,99.59,154.12,3.68,17.12,211.095928,261.936
2021,3,21,6.93,6.99,28.71,42.19,99.49,143.94,4.03,16.33,231.3616444,249.849
2021,3,22,6.62,6.71,29.13,45.25,99.59,147.75,3.94,15.73,226.1075133,240.669
2021,3,23,7.01,7.04,29.59,32,99.52,156.88,6.92,16.5,396.2407239,252.45
2021,3,24,7.08,7.28,29.89,28.69,99.34,166,8.45,16.8,482.4956035,257.04
2021,3,25,6.99,7.05,27.98,53.5,99.49,233.25,4.22,16.7,242.8568238,255.51
2021,3,26,6.98,7.02,27.04,47.38,99.68,242.62,5.31,16.55,307.1275552,253.215
2021,3,27,7.06,7.08,26.33,45.06,99.85,272.94,5.76,16.57,334.51468,253.521
2021,3,28,6.84,6.96,27.37,47.44,99.8,300.94,5.03,16.38,290.9628884,250.614
2021,3,29,6.39,6.6,28.07,51.25,99.66,311.81,4.33,15.04,249.5384241,230.112
2021,3,30,6.75,6.79,27.83,56.56,99.51,283.25,3.82,16.19,219.9909952,247.707
2021,3,31,6.86,6.9,27.84,54.38,99.55,209,4,16.59,230.4420032,253.827
2021,4,1,6.08,6.74,27.84,47.31,99.66,320.62,4.98,14.67,287.2173109,224.451
2021,4,2,6.04,7.01,26.86,41.5,99.84,335.12,7.86,14.68,455.6211129,224.604
2021,4,3,6.84,6.99,25.78,44.56,99.84,336.75,7.88,16.08,458.4307499,246.024
2021,4,4,6.83,7.01,27.07,45.44,99.69,279.06,5.52,16.01,319.2739654,244.953
2021,4,5,6.57,6.63,28.43,47.5,99.6,233.5,3.4,15.07,195.5906868,230.571
2021,4,6,6.91,7,29.52,41.38,99.55,155.5,3.97,16.31,227.4441901,249.543
2021,4,7,7.17,7.24,30.85,32.62,99.6,156.81,5.24,17,299.0401452,260.1
2021,4,8,6.84,7.09,30.91,31.44,99.45,154.62,5.02,16.07,285.9971245,245.871
2021,4,9,7.04,7.2,30.04,32.44,99.24,169.12,4.09,16.53,233.1887765,252.909
2021,4,10,7.35,7.43,28.74,44,99.34,230.06,4.84,17.63,277.4171099,269.739
2021,4,11,7.75,7.78,26.34,45.62,99.64,336.94,7.01,18.73,406.2392335,286.569
2021,4,12,7.48,7.52,25.88,49.75,99.7,324.19,5.3,18.19,307.8000742,278.307
2021,4,13,7.67,7.83,26.83,46.25,99.73,270.5,5.05,18.7,292.4403867,286.11
2021,4,14,7.57,7.69,27.57,42.88,99.62,319.25,5.09,17.87,293.7071101,273.411
2021,4,15,5.54,7.15,28.7,45.31,99.49,212.69,3.18,13.81,182.5693308,211.293
2021,4,16,6.74,6.85,30.88,46.69,99.39,155.69,3.51,16.16,199.8691754,247.248
2021,4,17,6.57,6.9,31.46,42.25,99.5,180.12,3.44,15.98,195.7265855,244.494
2021,4,18,7.05,7.39,31.34,45.38,99.71,138.31,5.76,17.49,328.5493548,267.597
2021,4,19,7.32,7.41,30.98,43,99.62,152.56,4.55,17.79,259.6038478,272.187
2021,4,20,7.59,7.66,31.11,41.75,99.49,149,4.02,18.71,228.9670961,286.263
2021,4,21,7.55,7.61,31.56,36.25,99.46,163.38,4.34,18.29,246.7538459,279.837
2021,4,22,7.3,7.77,31.64,34.75,99.46,169.44,3.05,17.61,173.3644449,269.433
2021,4,23,7.24,7.57,32.4,34.31,99.36,195,3.05,17.45,172.7593603,266.985
2021,4,24,7.3,7.41,32.5,34.19,99.26,199.62,2.45,17.38,138.5888874,265.914
2021,4,25,6.25,7.32,32.46,38.06,99.29,179,2.77,15.3,156.7581654,234.09
2021,4,26,7.31,7.41,32.27,42.31,99.31,170.5,4.09,17.83,231.6494483,272.799
2021,4,27,6.9,7.65,31.33,50.62,99.4,200.88,3.09,17.15,175.7108364,262.395
2021,4,28,7.28,7.41,30.21,62.06,99.46,261.5,4.59,17.81,262.1291251,272.493
2021,4,29,7.19,7.35,30.57,61.44,99.48,226.81,2.7,17.68,154.0418064,270.504
2021,4,30,6.74,7.33,31.34,45.5,99.37,152.5,3.44,16.51,195.5478977,252.603
2021,5,1,6.88,7.32,30.8,55.38,99.45,185,2.77,16.58,157.8682744,253.674
2021,5,2,7.73,7.83,30.19,56.94,99.37,192.69,2.52,18.88,143.7932836,288.864
2021,5,3,7.46,7.71,29.78,60.5,99.41,222.31,3.48,18.29,198.9204743,279.837
2021,5,4,7.83,7.89,31.19,46.06,99.28,181.81,3.34,19.16,189.7848986,293.148
2021,5,5,7.68,7.8,32.82,37.56,99.27,171.56,3.01,18.74,170.1054092,286.722
2021,5,6,7.68,7.79,32.82,38.75,99.38,182.56,3.07,18.69,173.688464,285.957
2021,5,7,7.7,7.79,32.73,44.38,99.45,202.81,2.8,18.73,158.5711553,286.569
2021,5,8,7.63,7.7,32.39,44.69,99.43,198.75,3.14,18.48,177.9883046,282.744
2021,5,9,7.63,7.84,32.83,36.06,99.24,165.69,2.65,18.27,149.7104247,279.531
2021,5,10,7.28,7.89,33.05,38.38,99.3,203.12,2.48,17.6,140.0903422,269.28
2021,5,11,7.98,8.06,32.93,37.81,99.28,190.06,3.39,19.2,191.5309519,293.76
2021,5,12,7.77,7.87,32.87,43.75,99.23,195.62,3.82,18.89,215.7590378,289.017
2021,5,13,7.46,7.67,32.65,47.69,99.28,259.88,3.43,18.31,193.9683451,280.143
2021,5,14,8.16,8.23,31.82,38.62,99.3,279.88,6.11,19.62,346.5339525,300.186
2021,5,15,8.26,8.34,30.37,44.12,99.14,232.44,4.8,20.04,273.0959701,306.612
2021,5,16,8.3,8.38,31.17,41.19,99.14,206.81,3.34,19.89,189.529728,304.317
2021,5,17,8.41,8.52,32.05,30.56,99.23,193.75,3.64,20,206.1447595,306
2021,5,18,8.27,8.35,32.15,32.31,99.21,224.62,4.57,19.77,258.676692,302.481
2021,5,19,7.94,8.05,32.86,41.12,99.2,236.44,3.88,19.09,219.0888279,292.077
2021,5,20,7.9,8.01,34.16,30.12,99.19,243,4.41,19.23,247.9375128,294.219
2021,5,21,7.85,7.93,34.77,29.38,99.15,218.06,5.57,18.97,312.4082318,290.241
2021,5,22,7.68,7.76,34.35,31.19,99.15,195.12,4.19,18.77,235.328255,287.181
2021,5,23,7.52,7.68,32.89,43.38,99.13,218.12,3.61,18.31,203.6791472,280.143
2021,5,24,7.45,7.64,33.37,41.25,99.27,184.12,3.05,18.12,172.0566637,277.236
2021,5,25,7.56,7.76,34.26,37.5,99.28,196.62,2.59,18.51,145.6988067,283.203
2021,5,26,7.24,7.64,35.3,34.56,99.13,278.31,4.62,17.44,258.6275349,266.832
2021,5,27,7.44,7.63,34.19,38.12,99.19,151.56,3.54,18.01,199.005243,275.553
2021,5,28,7.05,7.27,33.84,46.69,99.32,203.5,3.92,16.87,220.9077754,258.111
2021,5,29,7.11,7.29,33.97,43.88,99.35,216.94,3.39,17.26,191.0169576,264.078
2021,5,30,7.07,7.24,32.83,51.38,99.31,260.5,3.55,16.93,200.6969386,259.029
2021,5,31,7.25,7.47,35.72,41,99.02,248.25,4.61,17.6,257.4308392,269.28
2021,6,1,7.68,7.79,36.35,40.81,98.82,221.12,3.91,18.62,217.4570072,284.886
2021,6,2,7.27,7.64,36.87,29.88,98.97,204.25,4.26,17.55,236.8840996,268.515
2021,6,3,7.27,7.57,33.76,50.25,99.15,295.56,4.02,17.76,226.2143679,271.728
2021,6,4,7.31,7.61,33.97,47.31,99.21,308.31,3.87,17.7,217.7563201,270.81
2021,6,5,7.61,7.82,33.01,53.69,99.23,274.94,2.95,18.79,166.5440077,287.487
2021,6,6,7.4,7.54,32.58,55.75,99.29,265.69,3.42,17.98,193.4666063,275.094
2021,6,7,7.4,7.66,33.4,51.88,99.19,320.56,4.27,18.14,240.6616544,277.542
2021,6,8,7.16,7.38,33.87,47.44,98.99,289.75,3.09,17.2,173.5384002,263.16
2021,6,9,7.29,7.46,35.4,38.88,98.98,306.94,5.42,17.46,302.8542262,267.138
2021,6,10,7.62,7.7,36.25,34.5,98.87,296.19,6.45,18.32,359.01814,280.296
2021,6,11,7.7,7.83,35.76,33.94,98.76,223.12,5.69,18.55,316.8646807,283.815
2021,6,12,7.27,7.56,36.37,34.75,98.78,195.56,4.05,17.34,225.1374701,265.302
2021,6,13,7.52,7.61,37.62,23.69,98.9,162.44,3.64,17.88,201.7767119,273.564
2021,6,14,7.48,7.7,37.01,24,98.99,177.75,5,17.59,277.9636422,269.127
2021,6,15,7.18,7.35,33.04,47.88,99.09,286.5,4.59,16.91,258.7402326,258.723
2021,6,16,7.05,7.39,32.5,52.69,99.15,324.56,5.95,16.88,336.2000218,258.264
2021,6,17,6.63,7.35,33.49,52.31,99.15,317.75,5.79,16.08,326.1031014,246.024
2021,6,18,6.89,7.4,34.36,47.19,99.08,328.62,5.77,16.58,323.8284648,253.674
2021,6,19,7.24,7.55,34.39,39.94,99.09,337.5,5.95,17.33,333.9316914,265.149
2021,6,20,6.87,7.45,33.68,46.06,99.1,300.69,6.39,16.59,359.4919301,253.827
2021,6,21,7.37,7.7,34.02,40.44,99.09,288.81,6.39,17.96,359.0577805,274.788
2021,6,22,7.66,7.79,34.57,41.44,98.98,333.75,7.17,18.47,401.7198895,282.591
2021,6,23,7.69,7.99,35.79,36.25,98.92,303.69,4,18.46,223.0911848,282.438
2021,6,24,7.37,7.53,34.94,42.06,98.96,290.12,3.62,17.46,202.5364102,267.138
2021,6,25,7.2,7.7,35.01,38.38,98.9,275.62,4.56,17.41,254.9161331,266.373
2021,6,26,7.44,7.67,34.72,39.06,98.71,316.5,6.31,17.78,352.3997508,272.034
2021,6,27,7.77,7.85,35.21,33.19,98.76,262.25,5.78,18.61,322.4507087,284.733
2021,6,28,7.83,7.94,34.79,35.62,98.95,231.31,2.78,18.89,155.5990504,289.017
2021,6,29,7.59,7.71,34.93,35.81,98.89,224.12,3.43,17.98,191.7765248,275.094
2021,6,30,7.58,7.78,34.25,41.12,98.98,192,3.42,18.45,191.8148142,282.285
2021,7,1,7.26,7.46,33.85,45,99.07,232.56,4.02,17.42,225.9655816,266.526
2021,7,2,7.34,7.5,33.44,54.12,98.91,313.19,4.72,17.59,265.2385641,269.127
2021,7,3,7.78,7.85,34.26,49.06,98.72,302.81,4.28,18.77,239.4106016,287.181
2021,7,4,7.43,7.68,34.69,43.81,98.7,293.62,3.02,17.6,168.6597679,269.28
2021,7,5,7.53,7.63,33.94,51.19,98.83,284.38,4.79,18.01,268.5165679,275.553
2021,7,6,7.39,7.47,33.57,50.62,98.7,283.69,6.74,17.46,377.7873457,267.138
2021,7,7,7.5,7.7,34.08,48.31,98.66,318.94,5.93,17.81,331.6993624,272.493
2021,7,8,6.25,7.26,33.44,54.69,98.89,282.19,3.85,15.11,216.3055058,231.183
2021,7,9,7.25,7.46,34.44,44.69,98.84,316.44,5.08,17.47,284.3391691,267.291
2021,7,10,6.83,7.21,33.33,51.81,98.71,292.25,5.53,16.09,310.2391468,246.177
2021,7,11,6.57,7.27,33.93,43.5,98.9,232.75,5.17,15.81,290.0332278,241.893
2021,7,12,7.24,7.35,34.22,40.12,99.01,288.38,5.66,17.29,317.5751177,264.537
2021,7,13,6.78,7.33,33.3,49.06,98.84,332.19,6.42,16.23,360.6787802,248.319
2021,7,14,7.09,7.42,32.93,53.25,98.74,307.75,5.34,16.87,300.0626085,258.111
2021,7,15,6.95,7.31,33.3,42.81,98.85,215.88,3.34,16.39,187.661839,250.767
2021,7,16,7.47,7.63,34.25,34.75,98.93,230.75,3.96,18.02,221.9891688,275.706
2021,7,17,6.25,7.35,34.83,32.88,98.74,297.38,3.51,14.66,196.0153931,224.298
2021,7,18,5.33,7.21,34.55,36.81,98.76,228.81,2.98,12.88,166.6028024,197.064
2021,7,19,4.27,7.08,33.1,42.62,98.99,206.25,3.45,11.12,194.2436253,170.136
2021,7,20,6.58,6.85,33.51,58.44,98.91,239.75,3.77,15.55,211.8053247,237.915
2021,7,21,6.08,6.71,33.54,55,98.89,181.75,5.81,13.98,326.3182377,213.894
2021,7,22,6.19,6.71,33.43,57.31,99.02,191.25,6.47,14.85,363.9953502,227.205
2021,7,23,5.93,7.12,34.25,49.5,98.94,255.81,4.37,14.71,244.9976581,225.063
2021,7,24,5.41,7.01,33.94,47.44,98.91,311.5,4.29,13.38,240.6823664,204.714
2021,7,25,6.8,7.38,33.76,45.44,98.94,274.5,6.08,16.86,341.4105201,257.958
2021,7,26,7.12,7.22,33.27,51.69,99.01,323,6.23,16.95,350.6408029,259.335
2021,7,27,5.94,6.84,33.24,55.19,98.82,325.25,5.09,13.8,285.9568461,211.14
2021,7,28,6.65,6.89,34.04,57.19,98.67,281.69,3.23,15.64,180.7145122,239.292
2021,7,29,6.49,7.1,34.66,51.19,98.8,259.31,4.27,15.7,238.7341501,240.21
2021,7,30,6.93,7.3,34.3,44,98.9,287.06,3.02,16.62,169.2159086,254.286
2021,7,31,6.38,6.82,34.85,41.81,98.94,185.38,3.66,14.84,204.7928208,227.052
2021,8,1,7.34,7.52,34.26,49.56,99.08,188.94,5.69,18.45,319.4425224,282.285
2021,8,2,7.23,7.4,34.33,48.94,99.06,173.38,5.87,18.09,329.4063794,276.777
2021,8,3,7.32,7.47,34.33,52.94,99.24,183.81,7.04,18.79,395.7810492,287.487
2021,8,4,7.24,7.35,34.3,51.88,99.44,225.56,4.3,18.15,242.2520869,277.695
2021,8,5,6.99,7.08,35.01,50.69,99.31,235.19,4.37,17.12,245.3073758,261.936
2021,8,6,7.15,7.23,33.85,53.38,99.2,258.5,3.36,17.7,189.1145864,270.81
2021,8,7,7.12,7.23,35.1,46.62,99.19,238.06,3.01,17.54,168.7111376,268.362
2021,8,8,7.21,7.31,35.24,49.94,99.26,286.38,5.16,17.8,289.29181,272.34
2021,8,9,7.19,7.35,35.44,49.56,99.08,330.19,5.58,17.45,312.0691238,266.985
2021,8,10,7.21,7.32,35.81,42.38,98.86,265.19,5.58,17.35,311.0033032,265.455
2021,8,11,7.1,7.31,35.4,42.5,98.89,250,3.99,17.12,222.7471597,261.936
2021,8,12,7.2,7.29,35.44,39,99.11,211.94,3.5,17.38,195.8015499,265.914
2021,8,13,7.3,7.38,34.44,45.81,99.12,289.56,5,17.87,280.6541954,273.411
2021,8,14,6.86,7.14,34.73,50.75,98.85,320,3.86,16.51,215.8713232,252.603
2021,8,15,6.31,7.01,34.94,51,98.85,283.25,3.17,15.14,177.1620866,231.642
2021,8,16,6.45,7.2,34.55,51.06,99.08,273.19,3.62,15.67,203.0390278,239.751
2021,8,17,6.97,7.36,33.69,56.88,99.07,301.75,4.22,16.98,237.3313409,259.794
2021,8,18,7.33,7.41,34.23,54.44,98.82,290.94,3.38,18.03,189.2772409,275.859
2021,8,19,7.38,7.48,33.75,49.75,98.76,279.38,3.79,18.16,212.4397863,277.848
2021,8,20,7.4,7.53,34.12,49.69,98.77,274.69,3.78,18.02,211.6455523,275.706
2021,8,21,7.47,7.53,34.49,44.5,98.8,285.31,5.2,18.27,290.8907683,279.531
2021,8,22,7.1,7.31,34.59,40.56,98.9,284.5,5.03,17.02,281.5741491,260.406
2021,8,23,6.5,7.06,35.28,42.44,98.85,306.88,4.53,15.55,252.8894518,237.915
2021,8,24,6.75,7.14,34.54,47.94,98.96,323.06,4.53,16.47,253.7797469,251.991
2021,8,25,6.75,6.93,34.18,51.62,98.94,291.06,3.63,16.09,203.5569937,246.177
2021,8,26,6.35,6.82,33.43,54.94,98.88,258.75,3.02,15.61,169.6617858,238.833
2021,8,27,6.38,7.07,35.58,46.31,98.94,284.56,4.77,15.67,266.2710221,239.751
2021,8,28,6.87,7.11,37.17,35.88,98.76,186.69,3.98,16.07,220.6311557,245.871
2021,8,29,7.16,7.24,37.53,31.62,98.51,171.5,4.06,17.05,224.2360886,260.865
2021,8,30,6.72,7.07,38.15,35.06,98.37,208.44,3.43,16.01,188.7948416,244.953
2021,8,31,6.38,7.01,37.39,30.38,98.62,193.12,4.07,15.57,225.1408554,238.221
2021,9,1,5.99,6.61,35.02,49.69,98.89,240.44,3.35,14.66,187.2489015,224.298
2021,9,2,6.62,6.91,34.55,51.38,99.01,194.44,4.34,16.29,243.250503,249.237
2021,9,3,6.57,6.83,34.53,47.94,98.9,222.38,3.34,15.65,187.0061739,239.445
2021,9,4,6.65,6.81,34.65,46.69,98.91,253.44,2.59,15.74,144.9718909,240.822
2021,9,5,6.46,6.7,35.07,46.94,98.92,269.12,3.01,15.35,168.2682741,234.855
2021,9,6,6.19,6.47,34.69,49.69,99.13,217,3.77,14.59,211.4627419,223.227
2021,9,7,6.48,6.62,34.36,55.75,99.18,326.94,5.11,15.48,287.0768776,236.844
2021,9,8,6.26,6.65,36.83,41.19,98.88,269.88,3.69,14.82,205.028202,226.746
2021,9,9,6.07,6.62,37.26,30.69,98.98,131.62,4.57,14.27,253.8285091,218.331
2021,9,10,5.66,6.35,34.73,50.12,99.31,212,3.7,13.31,207.8862098,203.643
2021,9,11,6.01,6.46,34.08,54.5,99.06,315.12,6.12,14.28,343.7150732,218.484
2021,9,12,6.42,6.59,32.76,58.62,99.04,324.69,6.38,15.35,359.7908294,234.855
2021,9,13,6.67,6.84,32.27,53.94,99.11,285.25,4.31,16.12,243.6181981,246.636
2021,9,14,6.83,6.9,32.3,48.5,99.17,288.12,4.3,16.42,243.1762139,251.226
2021,9,15,6.66,6.87,32.36,52.31,99.18,244.88,5.13,16.15,290.0871505,247.095
2021,9,16,6.59,6.72,32.24,54.69,99.12,334.38,6.8,15.8,384.4393615,241.74
2021,9,17,6.42,6.55,31.68,50.94,99.1,236.69,5.59,15.27,316.5484632,233.631
2021,9,18,6.03,6.66,32.7,43.31,99.23,298.12,5.6,14.49,316.4717777,221.697
2021,9,19,6.43,6.62,32.94,42.31,99.24,279.62,6.06,15.22,342.2336361,232.866
2021,9,20,6.26,6.54,35.18,36.88,99.04,162.44,4.63,14.8,259.0528013,226.44
2021,9,21,5.56,6.32,36.43,33.12,98.99,158.12,4.38,12.98,243.9523421,198.594
2021,9,22,6.06,6.27,33.98,44.88,99.13,193.94,2.95,14.38,165.8507102,220.014
2021,9,23,6.26,6.38,32.84,48.81,99.22,227.19,3.53,14.9,199.378878,227.97
2021,9,24,5.29,6.33,32.32,53.56,99.13,276.62,5.38,12.86,304.1103983,196.758
2021,9,25,6.33,6.47,33.14,50.69,99.19,301.25,3.94,15.32,222.2510121,234.396
2021,9,26,6.03,6.27,33.01,54.06,99.24,292.75,3.16,14.48,178.4176612,221.544
2021,9,27,5.88,6.41,32.63,52.06,99.17,308.06,3.47,14.27,196.0257684,218.331
2021,9,28,5.99,6.32,32.89,50.5,99.08,338.19,6.55,14.38,369.3699476,220.014
2021,9,29,6.27,6.48,31.48,56.75,99.09,330.06,7.39,15.12,418.7106905,231.336
2021,9,30,6.55,6.64,31.19,52.5,99.09,322.88,5.21,15.77,295.4751546,241.281
2021,10,1,6.25,6.45,31.69,50.81,99.13,277.19,3.74,14.78,211.8445075,226.134
2021,10,2,6.18,6.27,31.94,48.94,99.16,252.62,5.29,14.39,299.4861,220.167
2021,10,3,5.62,5.91,32.79,44.88,99.17,288.94,5.17,13.04,291.9087056,199.512
2021,10,4,5.92,6,31.74,53.44,99.32,332,6.27,13.86,355.7734412,212.058
2021,10,5,5.9,5.97,31.76,54.12,99.22,333.62,5.58,13.63,316.2818037,208.539
2021,10,6,6.08,6.15,32.32,49.88,99.12,326,5.46,14.33,308.6013519,219.249
2021,10,7,6.1,6.14,32.77,51.94,99.13,309.5,4.84,14.61,273.1838683,223.533
2021,10,8,5.9,5.98,33.38,42,99.12,207.56,3.88,13.9,218.540779,212.67
2021,10,9,5.96,6.14,32.68,48.62,99.31,194.56,3.91,14.62,221.1577219,223.686
2021,10,10,5.96,5.98,33.28,45.81,99.45,159.94,3.75,14.04,211.9909041,214.812
2021,10,11,6.23,6.23,33.57,40,99.41,148.44,3.13,14.8,176.7033442,226.44
2021,10,12,6.15,6.15,33.62,32.5,99.28,136.44,3.36,14.2,189.4090006,217.26
2021,10,13,6.35,6.35,33.16,34.19,99.35,174.06,3.55,14.91,200.5614692,228.123
2021,10,14,6.28,6.3,33.58,31.06,99.5,165.56,3.8,14.41,214.7152425,220.473
2021,10,15,6.13,6.15,34.04,26.94,99.52,158.81,3.33,14.22,187.9143647,217.566
2021,10,16,6.14,6.25,34.37,24.12,99.4,147.06,3.66,14.32,206.0661025,219.096
2021,10,17,6.14,6.13,33.62,32.19,99.35,181.19,4.2,14.31,236.9281856,218.943
2021,10,18,6.11,6.12,33.55,36.94,99.37,203.75,3.65,14.33,205.9903291,219.249
2021,10,19,6.05,6.03,33.07,33.44,99.57,199.19,4.58,14.03,259.4017407,214.659
2021,10,20,6.05,6.04,31.72,46.5,99.76,206,3.58,14.21,204.0502962,217.413
2021,10,21,6.01,6.02,31.06,53.25,99.81,304.44,3.84,14.13,219.4543769,216.189
2021,10,22,5.9,5.9,31.62,43.62,99.79,226.75,3.91,13.77,222.9995661,210.681
2021,10,23,5.82,5.81,31.34,42.56,99.85,160.25,3.3,13.75,188.4956916,210.375
2021,10,24,5.79,5.78,30.44,52.12,99.81,179.06,2.96,13.7,169.5082177,209.61
2021,10,25,5.73,5.75,29.83,56.94,99.74,181.44,2.52,13.56,144.5001828,207.468
2021,10,26,5.7,5.68,29.94,53.94,99.73,195.25,3.03,13.39,173.6637973,204.867
2021,10,27,5.57,5.57,30.48,53.44,99.76,195.88,2.63,13.16,150.5150622,201.348
2021,10,28,5.1,5.29,29.41,58.19,99.74,150.94,1.82,12.04,104.5061127,184.212
2021,10,29,5.4,5.39,31.14,51.19,99.66,143.38,3.1,12.72,176.8509307,194.616
2021,10,30,5.43,5.42,31.37,41.06,99.75,143.44,4.59,12.46,261.8919938,190.638
2021,10,31,5.55,5.54,30.9,46.38,99.94,185.38,3.97,13.04,227.2988808,199.512
2021,11,1,5.45,5.48,30.83,43.5,99.9,180.44,3.46,13.05,198.0655889,199.665
2021,11,2,5.28,5.34,30.46,51,99.86,189.94,3.55,12.48,203.3837713,190.944
2021,11,3,5.63,5.62,30.49,50.25,99.84,177.19,2.98,13.35,170.6767273,204.255
2021,11,4,5.64,5.61,29.94,52,99.8,184.12,2.88,13.04,165.182439,199.512
2021,11,5,5.52,5.54,29.75,50.31,99.71,214,2.64,12.73,151.375581,194.769
2021,11,6,5.47,5.45,29.48,47.38,99.6,186.44,2.52,12.76,144.4642391,195.228
2021,11,7,5.32,5.32,29.62,50.19,99.47,186.81,2.11,12.47,120.7463984,190.791
2021,11,8,5.33,5.32,29.59,51.94,99.54,173.88,2.63,12.48,150.6246433,190.944
2021,11,9,5.16,5.17,29.8,46.12,99.77,192.12,3.19,11.98,182.9920201,183.294
2021,11,10,5.28,5.26,30.13,37.94,99.79,148.75,2.91,12.15,166.7818141,185.895
2021,11,11,5.21,5.2,29.17,49.25,99.68,163.12,2.61,12.09,149.8974038,184.977
2021,11,12,4.96,5.12,29.23,55,99.61,152.88,3.02,11.7,173.2883129,179.01
2021,11,13,1.14,4.77,29.29,51.69,99.63,152.5,4.45,3.14,255.3426522,48.042
2021,11,14,2.35,5.04,29.12,51,99.68,165.5,4.33,6.09,248.7215026,93.177
2021,11,15,4.01,5,28.56,63.38,99.76,180.06,2.65,9.74,152.6247841,149.022
2021,11,16,5.11,5.08,28.42,58.44,99.63,188,4.02,12.11,231.3345504,185.283
2021,11,17,5.18,5.15,29.05,46.5,99.64,165.75,3.62,12.22,207.9027733,186.966
2021,11,18,5.02,4.99,29.05,49.38,99.76,184.44,3.05,11.74,175.3776607,179.622
2021,11,19,5.08,5.08,28.15,56,99.65,230.62,3.42,11.91,197.0229106,182.223
2021,11,20,4.87,5.09,26.36,59.19,99.56,195.44,3.37,11.67,195.1263473,178.551
2021,11,21,4.84,5.03,26.58,58.88,99.71,204.5,4.42,11.48,256.1198419,175.644
2021,11,22,5.01,4.99,26.33,49.5,100.02,212.56,6.2,11.7,360.6809197,179.01
2021,11,23,5.05,5.03,26.98,43.94,99.92,229,4.92,11.78,285.3123514,180.234
2021,11,24,4.94,4.91,27.3,55.25,99.75,258.56,3.23,11.54,186.7908814,176.562
2021,11,25,4.91,4.88,27.12,62,99.8,199.75,2.77,11.37,160.3654545,173.961
2021,11,26,4.85,4.82,27.76,57.69,99.92,165.06,3.17,11.35,183.3527888,173.655
2021,11,27,4.78,4.77,28.23,56.69,99.95,212.75,3.7,11.16,213.7383966,170.748
2021,11,28,4.89,4.85,28.69,43.75,99.95,170,3.35,11.22,193.224978,171.666
2021,11,29,5.04,4.99,29.27,33.12,99.92,160.5,3.51,11.4,202.0047054,174.42
2021,11,30,4.98,4.97,28.4,33.38,99.91,168.06,3.99,11.16,230.2687349,170.748
2021,12,1,5.01,4.98,27.34,41.31,99.74,182.06,3.26,11.33,188.4817882,173.349
2021,12,2,4.87,4.83,27.09,58.25,99.81,193.75,2.24,11.19,129.7077649,171.207
2021,12,3,4.79,4.75,27.41,57.94,99.95,205.19,2.8,10.95,162.1892632,167.535
2021,12,4,4.84,4.81,27.19,48.06,100.01,209.31,2.35,11.05,136.3046168,169.065
2021,12,5,4.74,4.81,26.88,57.56,99.98,187.62,2.92,10.92,169.4898733,167.076
2021,12,6,4.65,4.68,27.72,60.81,100,146.12,3.16,10.66,182.9450443,163.098
2021,12,7,4.75,4.74,27.49,51.12,99.97,163.25,3.34,10.94,193.4558421,167.382
2021,12,8,4.13,4.66,27.78,53.94,100.02,216.44,3.5,9.66,202.629122,147.798
2021,12,9,4.5,4.61,27.13,60.06,100.05,263.25,5.84,10.35,338.9346625,158.355
2021,12,10,4.76,4.72,26.38,32.12,100.01,161.19,3.82,10.75,222.1666758,164.475
2021,12,11,4.47,4.66,26.12,27.38,100.05,175,2.88,10.08,167.709958,154.224
2021,12,12,4.6,4.75,26.11,36.06,100.09,164,3.2,10.44,186.4251276,159.732
2021,12,13,4.73,4.69,26.15,42,99.97,154.19,3.56,10.75,207.1216162,164.475
2021,12,14,4.6,4.66,27.01,51.19,99.67,152.56,4.23,10.61,244.6608398,162.333
2021,12,15,3.88,4.39,27.14,60.94,99.71,154.12,5.03,9.03,290.9231522,138.159
2021,12,16,3.48,4.46,27.01,61.81,99.85,195.19,3.5,8.58,202.803642,131.274
2021,12,17,3.33,4.19,26.36,70.88,99.87,178.69,3.54,7.98,205.6077298,122.094
2021,12,18,3.7,4.36,25.89,64.31,99.9,193.94,3.56,8.8,207.1565432,134.64
2021,12,19,3.21,4.32,25.91,60.81,99.93,260.62,4.05,7.92,235.7246691,121.176
2021,12,20,3.63,4.28,25.39,61.94,100.05,221.56,4.77,8.59,278.4488295,131.427
2021,12,21,4.61,4.58,23.54,48.44,100.26,299,7.16,10.76,421.4540845,164.628
2021,12,22,4.37,4.42,23.96,44.75,100.08,297.44,4.99,10.12,292.7810919,154.836
2021,12,23,3.82,4.47,23.56,55.56,99.93,277.19,3.66,9.18,214.7124573,140.454
2021,12,24,3.73,4.55,23.76,53.06,99.9,253.44,4.46,8.87,261.3894019,135.711
2021,12,25,4.14,4.57,24.16,51.25,99.94,215.12,4.87,9.87,285.1485993,151.011
2021,12,26,4.05,4.32,24.97,52.62,99.92,200.62,3.45,9.4,201.4154871,143.82
2021,12,27,3.85,4.27,24.58,59.75,99.98,189.69,3.52,8.99,205.8949295,137.547
2021,12,28,2.43,4.27,23.9,60.25,100.03,264.5,5.14,6.35,301.4923412,97.155
2021,12,29,3.68,4.15,23.51,58.25,99.98,185.19,3.45,8.53,202.5282864,130.509
2021,12,30,4.68,4.8,22.8,59.44,99.95,224.56,4.66,10.91,274.1339501,166.923
2021,12,31,4.94,4.91,22.87,46.19,99.9,167.5,3.49,11.27,205.1550983,172.431
2022,1,1,3.87,4.57,24.07,58.44,99.7,186.88,3.2,9.26,186.9732857,141.678
2022,1,2,4.82,4.91,21.87,64,99.82,308.25,5.15,11.15,303.5189345,170.595
2022,1,3,5.08,5.05,20.05,61.19,100.07,195.12,3.66,11.7,217.5872645,179.01
2022,1,4,5.17,5.12,21.32,47.19,100.17,135.5,5.39,11.7,319.3727337,179.01
2022,1,5,4.94,4.92,22.61,43.44,100.03,146.25,4.58,11.13,269.8166603,170.289
2022,1,6,4.31,4.84,23.89,55.12,99.95,158.94,3.69,10.2,216.2751797,156.06
2022,1,7,3.76,4.55,24.42,68.06,99.95,216.19,2.23,9.13,130.4700923,139.689
2022,1,8,4.26,4.63,25.32,65.88,99.97,181.69,2.66,9.99,155.1897724,152.847
2022,1,9,4.86,4.85,26.29,59.62,99.86,160.75,2.03,11.3,117.9207516,172.89
2022,1,10,4.06,4.62,26,69,99.72,180.69,3.07,9.78,178.2559731,149.634
2022,1,11,3.46,4.57,26.57,66.75,99.93,160.06,3.5,8.48,203.2640904,129.744
2022,1,12,4.23,4.47,26.39,68.25,99.97,184.44,2.71,9.92,157.5420929,151.776
2022,1,13,4.51,4.8,26.4,67.44,99.8,164.19,3.53,10.74,204.8558526,164.322
2022,1,14,2.62,4.61,25.73,70.38,99.68,252.94,3.95,6.85,229.4672566,104.805
2022,1,15,2.67,4.81,23.1,53.69,99.74,312.69,5.82,7.15,341.3079801,109.395
2022,1,16,5.01,5.18,20.51,54.25,99.89,174.81,5.09,11.73,301.5834146,179.469
2022,1,17,4.74,5.1,20.48,47.69,100.06,213.56,5.12,11.15,303.9082485,170.595
2022,1,18,5.03,5.15,20.37,51.62,100.34,187,5.41,11.73,322.1410843,179.469
2022,1,19,5.36,5.32,20.02,53.81,100.37,203.88,5.38,12.52,320.8330692,191.556
2022,1,20,5.49,5.45,19.45,48.69,100.45,201.56,6.54,12.59,391.0801929,192.627
2022,1,21,5.26,5.23,21.64,38.94,100.2,169.25,4.41,11.88,261.0994861,181.764
2022,1,22,4.56,5.01,23.81,58.25,100.03,218.56,3,10.59,176.0216234,162.027
2022,1,23,4.36,5.01,23.61,62.88,100.05,224.88,2.55,10.31,149.7491494,157.743
2022,1,24,5.35,5.31,22.95,58.25,100.1,203.69,4.37,12.55,257.3294905,192.015
2022,1,25,5.34,5.3,23.58,51.56,99.95,200.94,3.34,12.5,195.9657896,191.25
2022,1,26,5.36,5.34,23.08,61.62,99.96,213.44,4.12,12.62,242.1624925,193.086
2022,1,27,5.44,5.46,20.69,52.62,100.25,286.5,7.21,12.73,428.470754,194.769
2022,1,28,4.97,5.36,20.98,46.25,100.18,214.19,5.53,11.75,328.0796469,179.775
2022,1,29,4,5.32,21.57,53.31,100.15,312,4.31,9.71,255.1121063,148.563
2022,1,30,5.19,5.46,21.73,54.19,99.93,153.75,3.29,12.26,194.2043353,187.578
2022,1,31,2.96,5.23,22.19,56.56,99.79,249.94,5.15,7.77,303.0989517,118.881
2022,2,1,5.54,5.67,21.4,42.88,100,181.44,6.09,12.66,360.139468,193.698
2022,2,2,5.31,5.3,23.64,49.56,99.92,142.38,3.86,12.48,226.3616857,190.944
2022,2,3,5.39,5.41,24.83,69.5,99.91,199.56,3.9,12.89,227.771249,197.217
2022,2,4,3.17,5.31,23.44,63.88,99.94,333.44,6.88,8.41,403.8161952,128.673
2022,2,5,6.03,6.01,19.89,43.38,100.1,241.12,7.7,13.57,458.1528053,207.621
2022,2,6,5.77,5.75,22.17,36.94,100.01,224.75,4.9,13.14,289.0407668,201.042
2022,2,7,5.51,5.52,23.13,46.88,99.99,195,3.33,12.64,195.7541235,193.392
2022,2,8,4.8,5.29,24.53,52.5,99.99,141.62,4.04,11.36,236.3745579,173.808
2022,2,9,5.16,5.37,25.33,70.62,99.82,207.81,2.79,12.3,162.5245551,188.19
2022,2,10,4.62,5.34,24.44,68.75,99.82,210.5,3.98,11.07,232.5384414,169.371
2022,2,11,5.34,5.65,22.37,52.56,99.99,340,7.05,12.7,415.5002222,194.31
2022,2,12,5.76,5.82,23.55,44.69,99.96,191.19,4.63,13.37,271.7078246,204.561
2022,2,13,5.8,5.83,25.67,36.69,99.78,165.25,4.34,13.53,252.4271249,207.009
2022,2,14,6.02,5.99,25.7,33.12,99.64,174.75,4.54,14.09,263.6627422,215.577
2022,2,15,5.84,5.85,25.38,42.5,99.73,207,3.97,13.7,231.0153288,209.61
2022,2,16,6.04,6.04,24.78,51,99.69,276.94,5.23,14.21,304.825645,217.413
2022,2,17,5.99,6,23.77,59.25,99.44,161.62,3.38,14.16,197.1745313,216.648
2022,2,18,5.26,6.01,24.09,72.38,99.44,177.38,3.76,12.73,219.1059448,194.769
2022,2,19,3.1,5.46,22.37,61.81,99.84,258,6.23,7.8,366.6217229,119.34
2022,2,20,6.42,6.4,19.65,48.12,100.27,190.75,6.7,15.02,399.6567923,229.806
2022,2,21,6.62,6.6,23.08,34.25,99.96,137.44,5.44,15.01,319.7485338,229.653
2022,2,22,6.15,6.13,24.17,42.94,99.65,161.5,3.13,14.49,182.7300485,221.697
2022,2,23,5.95,5.99,26.17,57.31,99.63,163.94,4.95,14.23,286.9934902,217.719
2022,2,24,5.31,5.71,26.52,53.12,99.72,174.81,5.81,12.52,336.7654952,191.556
2022,2,25,5.57,5.8,24.37,64.75,99.92,328.25,5.62,13.34,328.7645851,204.102
2022,2,26,6.43,6.42,21.94,47,100.03,340.94,6.33,14.97,373.7592413,229.041
2022,2,27,6.69,6.67,22.88,43.56,99.99,174.5,4.88,15.59,287.1131727,238.527
2022,2,28,6.23,6.23,24.78,48.31,99.86,275.69,4.34,14.71,253.3841867,225.063
2022,3,1,6.03,6.06,26.65,49.94,99.85,198.62,2.77,14.15,160.6973307,216.495
2022,3,2,6.14,6.17,27.89,55.44,99.72,148.62,3.74,14.68,215.7953687,224.604
2022,3,3,6.35,6.36,28.18,53.5,99.61,155.5,6.3,15.22,362.7551369,232.866
2022,3,4,5.97,6.29,27.11,53.62,99.71,200.5,3.41,14.43,197.2459379,220.779
2022,3,5,6.19,6.2,27.25,51.31,99.68,149.62,3.29,14.34,190.1588105,219.402
2022,3,6,5.71,5.82,27.17,55.75,99.52,166.81,2.98,13.01,172.0104489,199.053
2022,3,7,6.42,6.5,27.76,57.06,99.39,178.88,3.88,15.14,223.2288123,231.642
2022,3,8,6.62,6.62,27.74,51.31,99.38,153.5,2.59,15.93,149.0058967,243.729
2022,3,9,6.38,6.51,28.3,44.69,99.29,161.31,3.79,15.03,217.4412248,229.959
2022,3,10,6.63,6.66,28.09,52.69,99.3,198.38,5.84,15.52,335.3218935,237.456
2022,3,11,6.41,6.43,26.15,61.62,99.6,325.19,5.8,15.29,336.1964074,233.937
2022,3,12,6.39,6.46,24.41,52.81,99.6,275.44,5.16,15.29,300.8478715,233.937
2022,3,13,6.58,6.66,24.84,53.94,99.63,247.12,4.51,16.11,262.6500181,246.483
2022,3,14,6.5,6.55,24.63,53.88,99.83,259,5.52,15.43,322.3421337,236.079
2022,3,15,6.7,6.8,22.55,50.06,99.96,310.25,7.75,16.08,456.3405679,246.024
2022,3,16,5.5,6.79,21.69,44.31,99.91,338.19,7.91,13.27,466.8866898,203.031
2022,3,17,6.46,6.69,25.28,34.25,99.74,206.44,7.05,14.92,410.4199424,228.276
2022,3,18,5.79,6.25,25.91,45.56,99.76,246.06,3.73,13.09,216.7301824,200.277
2022,3,19,5.79,6.1,26.66,46.88,99.72,174.94,3.55,13.31,205.6728479,203.643
2022,3,20,5.36,6.07,26.82,53.06,99.48,242.12,3.62,12.54,209.1120103,191.862
2022,3,21,6.92,6.95,26.44,47,99.44,241.69,3.87,15.88,223.7469999,242.964
2022,3,22,7.01,7.18,27.33,37.5,99.47,193.81,3.46,16.36,199.5101978,250.308
2022,3,23,6.78,6.89,25.54,46.81,99.62,282.12,6.17,15.73,358.4457799,240.669
2022,3,24,7.09,7.15,23.02,51.62,99.88,338.62,7.78,16.91,457.0140149,258.723
2022,3,25,7.33,7.35,21.53,46.94,100.04,269.25,8,17.25,473.0700589,263.925
2022,3,26,7.56,7.57,23.19,44.38,99.98,224.44,7.41,17.77,435.4652629,271.881
2022,3,27,6.69,6.81,25.48,44.69,99.83,254.81,4.04,15.52,235.2455707,237.456
2022,3,28,6.01,6.11,27.58,47.25,99.77,217.38,3.91,13.67,225.9500431,209.151
2022,3,29,6.47,6.55,28.44,38.12,99.65,139.75,4.55,14.92,261.8690758,228.276
2022,3,30,6.79,6.86,29.2,29.31,99.59,160.38,5.03,15.7,288.593269,240.21
2022,3,31,7.11,7.18,29.85,28,99.67,162.56,3.39,16.88,194.2379031,258.264
2022,4,1,7.36,7.41,29.93,24.81,99.65,150.69,3.95,17.09,226.2192578,261.477
2022,4,2,7.26,7.33,30.19,26.94,99.57,153.12,4.84,17.21,276.7302526,263.313
2022,4,3,7.36,7.41,30.76,25.75,99.48,150.25,4.78,17.45,272.5405549,266.985
2022,4,4,7.24,7.29,31.9,25.25,99.46,165.81,3.62,17.06,205.5883255,261.018
2022,4,5,7.43,7.5,31.63,25.94,99.46,162.25,2.87,17.52,163.1384531,268.056
2022,4,6,7.3,7.4,31.92,21.94,99.5,174.44,3.98,16.98,226.1096532,259.794
2022,4,7,7.47,7.56,31.61,25.44,99.6,173.06,3.61,17.61,205.5043544,269.433
2022,4,8,7.42,7.52,30.52,36.75,99.55,149.75,3.48,17.34,198.7151926,265.302
2022,4,9,7.48,7.53,30.62,38.44,99.39,181.12,3.48,17.73,198.3304999,271.269
2022,4,10,7.52,7.59,30.82,35.5,99.33,162.44,3.45,18.01,196.3727673,275.553
2022,4,11,7.36,7.48,31.63,30.69,99.28,155.88,4.27,17.63,242.2789216,269.739
2022,4,12,7.4,7.5,32.79,31.81,99.16,180.56,4.11,17.77,232.0355515,271.881
2022,4,13,7.11,7.32,31.6,42.19,99.04,196.5,3.43,17.16,194.1661371,262.548
2022,4,14,7.22,7.37,31.77,40.38,99.07,178.81,3.16,17.55,178.836346,268.515
2022,4,15,7.27,7.36,31.42,40.25,99.21,178.75,3.23,17.73,183.2665911,271.269
2022,4,16,7.47,7.57,31.26,40.56,99.23,241.75,3.98,18.13,225.9849938,277.389
2022,4,17,7.56,7.71,31.75,31.25,99.2,177.19,3.32,18.17,188.1502435,278.001
2022,4,18,7.4,7.49,32.98,28.5,99.13,181.94,3.35,17.62,188.9541674,269.586
2022,4,19,7.53,7.65,32.83,37.06,99.19,178.06,4.68,18.07,264.2610499,276.471
2022,4,20,7.27,7.4,32.91,38.19,99.24,212.75,3.78,17.66,213.4933907,270.198
2022,4,21,6.16,7.26,31.9,45.38,99.2,232.19,3.52,15.28,199.3865044,233.784
2022,4,22,7.14,7.27,31.88,45.44,99.19,155.12,4.14,17.45,234.4974529,266.985
2022,4,23,6.68,7.35,32.44,42.56,99.01,161.31,6.9,16.86,389.4049483,257.958
2022,4,24,6.76,7.21,31.67,45.94,99.03,184.75,3.92,16.62,221.8307975,254.286
2022,4,25,7.33,7.49,30.53,55.25,99.12,169.81,2.86,17.76,162.601141,271.728
2022,4,26,7.35,7.57,30.98,57.88,99.13,146.62,4.49,18.14,254.9204276,277.542
2022,4,27,7.31,7.42,32.46,50.25,98.91,184.12,3.75,18.05,211.4055389,276.165
2022,4,28,6.97,7.57,32.84,42.56,98.97,183.31,3.45,17.44,194.3693959,266.832
2022,4,29,7.15,7.57,31.63,45,99.39,177.62,3.45,17.48,195.9691794,267.444
2022,4,30,7.34,7.43,32.49,46.12,99.54,161.81,3.21,18.01,182.0978973,275.553
2022,5,1,7.27,7.39,32.31,52.38,99.43,210.5,4.74,17.73,268.7533502,271.269
2022,5,2,7.73,7.83,30.99,50.5,99.35,246.62,2.78,18.95,158.1800028,289.935
2022,5,3,7.85,7.96,32.99,34.44,99.32,153.88,2.85,18.95,161.0549014,289.935
2022,5,4,7.64,7.82,34.42,30,99.36,154.94,3.32,18.42,186.8177542,281.826
2022,5,5,7.4,7.54,32.34,43.56,99.42,252.19,3.73,17.94,211.4453045,274.482
2022,5,6,7.51,7.64,30.08,48.94,99.32,304,5.92,18.3,337.7526031,279.99
2022,5,7,8.1,8.18,29.12,41.31,99.37,264.19,6.54,19.42,374.4988128,297.126
2022,5,8,8.01,8.09,30.96,37.31,99.34,236.38,5.7,18.94,324.3252513,289.782
2022,5,9,7.74,7.83,32.7,29.38,99.3,169.31,4.35,18.51,246.0041728,283.203
2022,5,10,7.83,7.93,33.28,28.19,99.26,183.56,4.03,18.76,227.3843073,287.028
2022,5,11,7.87,8,33.19,30.88,99.38,226.5,4.83,18.89,272.9322581,289.017
2022,5,12,7.79,7.92,33.69,34.56,99.33,180,4.02,18.61,226.676745,284.733
2022,5,13,7.23,7.41,35.75,26.5,99.25,164.31,4.41,16.79,246.8105102,256.887
2022,5,14,7.47,7.66,36.88,18.75,99.27,146.88,4.27,17.59,238.1522175,269.127
2022,5,15,7.61,7.74,37.5,15.31,99.31,71.06,5.19,17.57,289.0023904,268.821
2022,5,16,7.97,8.11,36.85,19.56,99.18,143.56,5.52,18.91,307.619556,289.323
2022,5,17,7.59,7.76,34.41,34.38,99.1,244.88,3.94,17.92,221.1324498,274.176
2022,5,18,7.27,7.41,32.88,43.19,99.17,247,3.27,16.94,184.5765469,259.182
2022,5,19,7.24,7.43,34.23,29.19,99.24,163.94,3.15,16.68,177.1471445,255.204
2022,5,20,7.16,7.44,35.23,27.31,99.13,149.69,4.05,16.37,226.7704064,250.461
2022,5,21,7.11,7.37,35.81,24.69,99.11,153.38,2.9,16.3,162.0412821,249.39
2022,5,22,7.01,7.22,34.2,33.81,99.09,268.38,4.13,16.07,231.9311683,245.871
2022,5,23,7.16,7.29,30.97,45.94,99.1,335.81,7.31,16.7,414.9143953,255.51
2022,5,24,6.93,7.3,30.74,45.5,99.13,333.44,6.33,16.18,359.6705344,247.554
2022,5,25,7.22,7.45,33.13,34.31,99.13,199.06,5.62,16.96,316.8365214,259.488
2022,5,26,7.24,7.38,33.9,32.5,99.14,262.94,3.65,16.91,205.2792869,258.723
2022,5,27,7,7.13,34.47,25.94,99.1,182.75,3.96,15.98,222.2115996,244.494
2022,5,28,7.17,7.32,34.48,26.94,99.1,226.12,3.49,16.56,195.8316347,253.368
2022,5,29,7.33,7.45,34.76,24.25,99.14,189.44,4.3,17.13,241.1604189,262.089
2022,5,30,7.46,7.63,34.74,28.44,99.13,196.5,5.43,17.74,304.524196,271.422
2022,5,31,7.55,7.67,35.23,25.06,98.99,198.5,5.86,17.93,327.6537851,274.329
2022,6,1,7.72,7.85,35.13,27.69,98.86,188.44,6.05,18.49,337.9427109,282.897
2022,6,2,7.75,7.83,35.04,30.62,98.83,150.19,3.83,18.56,213.9348218,283.968
2022,6,3,7.36,7.64,34.86,30.44,98.94,154.56,4.4,17.19,246.1910264,263.007
2022,6,4,7.58,7.76,35.76,26.62,99,203.06,3.39,18.1,189.2410628,276.93
2022,6,5,7.7,7.83,35.21,32.44,99.03,225.38,3.73,18.23,208.6555913,278.919
2022,6,6,7.84,7.94,35.19,30.75,98.88,188.38,4.53,18.73,253.0400384,286.569
2022,6,7,7.77,7.86,34.53,34.44,98.79,225.12,5.21,18.55,291.3827884,283.815
2022,6,8,7.58,7.85,35.67,33.5,98.78,206.38,4.27,18.28,237.9051982,279.684
2022,6,9,7.6,7.84,34.24,46.5,98.9,273.75,2.8,18.35,156.9195453,280.755
2022,6,10,7.69,7.87,35,42.31,98.93,258.94,3.15,18.38,176.1525133,281.214
2022,6,11,7.81,7.92,34.36,41.38,98.95,240.75,2.83,18.7,158.6190863,286.11
2022,6,12,7.78,7.89,34.87,37.81,98.82,251.62,3.59,18.61,200.6193573,284.733
2022,6,13,7.63,7.82,35.48,32.62,98.84,265.75,4.77,18.38,266.0880863,281.214
2022,6,14,7.72,7.82,36.81,29.44,98.8,187.62,8.44,18.42,468.6042166,281.826
2022,6,15,7.91,7.99,33.55,40.81,98.91,323.81,7.7,19.16,432.5433148,293.148
2022,6,16,8.01,8.08,33.11,45.38,98.82,311.25,6.28,19.28,352.960957,294.984
2022,6,17,7.5,7.64,34.74,36.44,98.79,268.56,3.82,18.16,213.4977084,277.848
2022,6,18,7,7.21,34.68,35.94,98.74,233.31,4.49,16.39,250.8655203,250.767
2022,6,19,7.21,7.4,34.71,42.38,98.81,274.06,4.74,16.83,264.9954573,257.499
2022,6,20,7.32,7.51,33.35,54.31,98.83,317.81,4.4,17.58,247.1288488,268.974
2022,6,21,7.24,7.41,32.45,58.88,98.68,292.25,3.19,17.16,179.423336,262.548
2022,6,22,6.9,7.24,31.87,54.12,98.69,314.44,5.17,16.36,291.372009,250.308
2022,6,23,6.83,7.23,31.55,50.12,98.92,330.06,5.08,15.96,287.2683758,244.188
2022,6,24,7.22,7.43,33.33,45.19,98.87,321.06,4.58,17.18,257.3595724,262.854
2022,6,25,6.84,7.48,34.44,36.81,98.99,224.12,3.29,16.34,184.4282576,250.002
2022,6,26,7.14,7.48,34.68,37.19,99.03,285.5,4.07,16.84,228.0671309,257.652
2022,6,27,7.34,7.43,34.48,41.31,98.92,320.88,6.06,17.43,339.4223996,266.679
2022,6,28,6.96,7.54,33.33,47.19,98.92,292.69,4.84,16.73,272.1070434,255.969
2022,6,29,7.19,7.36,33.9,35.75,98.94,223.12,5.86,17.09,328.9068159,261.477
2022,6,30,7.67,7.75,33.25,40.38,98.95,293.44,6.72,18.64,378.0147653,285.192
2022,7,1,7.72,7.8,33.14,37.06,98.96,210.94,6.83,18.69,384.3793301,285.957
2022,7,2,7.54,7.63,33.92,35.88,98.99,251.94,5.47,18.29,307.1522597,279.837
2022,7,3,7.79,7.87,33.77,37.88,98.94,279.75,5.61,19.17,315.0083246,293.301
2022,7,4,7.81,7.97,33.58,34,98.99,247.12,3.98,19.04,223.7332827,291.312
2022,7,5,7.97,8.05,34.33,32,99.08,206.56,3.64,19.64,204.3068662,300.492
2022,7,6,7.82,7.91,34.31,33.31,98.94,212.88,5.37,19.13,301.0024441,292.689
2022,7,7,7.6,7.75,34.4,37.88,98.88,252.5,6.62,18.44,370.7346419,282.132
2022,7,8,7.26,7.51,33.33,42.12,98.89,220.19,6.16,17.54,346.2130255,268.362
2022,7,9,7.32,7.59,33.4,35.44,98.86,221.5,3.38,17.69,189.8665413,270.657
2022,7,10,7.41,7.7,33.98,36.56,98.79,228.38,3.11,18.26,174.2463092,279.378
2022,7,11,6.54,7.46,34.39,44.38,98.86,235.62,3.69,16.07,206.6130817,245.871
2022,7,12,5.64,7.33,32.69,50.06,99.08,221.25,3.39,14.08,191.2951081,215.424
2022,7,13,5.37,6.74,33.65,54.25,98.99,248.94,4.57,12.57,256.8411597,192.321
2022,7,14,6.86,7.27,34.03,53.19,98.75,263,4.73,16.62,264.8608461,254.286
2022,7,15,7.14,7.39,34.15,48.38,98.8,290.69,4.44,17.49,248.6507695,267.597
2022,7,16,7.59,7.74,34.09,49.56,98.84,304.5,4.39,18.77,245.9982138,287.181
2022,7,17,7.4,7.67,32.95,51.5,98.85,283.62,4.72,17.95,265.5019993,274.635
2022,7,18,7.54,7.64,34.58,37.12,98.78,236,4.46,18.13,249.3713158,277.389
2022,7,19,7.21,7.31,34.19,38.69,98.79,275,5.91,16.95,330.897764,259.335
2022,7,20,6.97,7.44,34.8,41.31,98.74,257.12,3.88,16.87,216.6990928,258.111
2022,7,21,6.8,7.03,34.55,52.06,98.66,246.25,3.07,16.05,171.4606412,245.565
2022,7,22,6.69,7.21,34.66,49.62,98.75,247.69,3.8,16.02,212.3491022,245.106
2022,7,23,6.69,6.88,34.24,52.12,98.68,283.06,4.31,15.5,241.0067072,237.15
2022,7,24,6.52,6.96,33.71,54,98.68,222.12,4.12,15.16,230.7801914,231.948
2022,7,25,5.66,6.88,33.98,51.06,98.89,184.62,6.61,13.9,370.7183212,212.67
2022,7,26,5.81,6.56,34.43,48.81,98.88,178.62,6.35,13.7,355.5793597,209.61
2022,7,27,5.82,6.6,35.75,45.44,98.74,202.19,4.41,13.67,245.5422647,209.151
2022,7,28,5.42,6.77,36.46,42.81,98.82,222.81,4.63,12.98,257.4087552,198.594
2022,7,29,7.36,7.54,35.5,41.44,98.87,286.06,3.98,17.8,222.0719868,272.34
2022,7,30,6.84,7.23,34.47,47.88,98.84,287.81,3.12,16.16,174.6164747,247.248
2022,7,31,6.98,7.07,34.56,47.44,98.66,295.94,5.71,16.21,318.8952587,248.013
2022,8,1,5.01,6.62,33.08,43.5,98.78,190.06,3.43,11.56,192.7204764,176.868
2022,8,2,5.57,6.91,32.34,58.06,98.91,161.25,7,13.42,394.7786854,205.326
2022,8,3,6.54,6.85,33.79,50.75,98.94,176.69,5.97,15.7,335.2009197,240.21
2022,8,4,6.49,7.03,33.83,52,99.01,183.12,4.04,16.12,226.9670417,246.636
2022,8,5,5.46,6.79,33.12,55.69,99.02,215.25,2.62,13.66,147.5476198,208.998
2022,8,6,6.44,6.79,33.61,55.06,98.91,194.31,3.45,15.53,193.7639686,237.609
2022,8,7,6.21,6.58,33.88,55.62,98.72,191.19,4.59,14.91,257.0688607,228.123
2022,8,8,5.87,6.67,33.94,54.81,98.78,184.12,3.32,14.28,186.0175347,218.484
2022,8,9,5.51,6.52,33.9,57.31,98.8,197.62,3.87,13.23,216.9058479,202.419
2022,8,10,5.85,6.33,34.08,59.12,98.78,204.75,4.47,13.51,250.3371924,206.703
2022,8,11,5.36,6.15,34.48,56.62,98.77,244.69,3.14,12.23,175.6056438,187.119
2022,8,12,5.94,6.74,35.67,51.69,98.78,228,3.33,14.55,185.5326253,222.615
2022,8,13,6.23,6.54,34.66,55.44,98.76,294.38,4.81,14.81,268.8164775,226.593
2022,8,14,6.41,6.8,34.73,45.25,98.78,261.06,4.57,15.5,255.3972385,237.15
2022,8,15,6.98,7.12,35.05,47.81,98.83,269.5,4.12,16.88,230.1260749,258.264
2022,8,16,7.04,7.13,34.1,54.06,98.82,286.38,4.08,17.05,228.5733399,260.865
2022,8,17,6.58,6.98,34.25,53.19,98.77,225.38,2.94,16,164.5435921,244.8
2022,8,18,6.54,6.86,34.37,53.75,98.83,192.5,4.55,15.39,254.7060608,235.467
2022,8,19,6.75,7.02,34.47,53.44,98.91,192.88,4.61,16.35,258.1897592,250.155
2022,8,20,6.91,7.1,34.23,52.56,99,264.69,3.7,16.64,207.5743877,254.592
2022,8,21,7.15,7.21,33.8,50.19,99.02,262.62,3.45,17.21,193.8593858,263.313
2022,8,22,5.95,7.05,34.87,41,99.09,300.69,4.04,14.5,226.3834792,221.85
2022,8,23,7,7.13,35.26,41.5,98.99,279.75,5.62,16.68,314.2039508,255.204
2022,8,24,7.13,7.2,35.38,44.38,98.86,254.5,5.76,17.13,321.4830971,262.089
2022,8,25,6.35,7.07,34.64,45.25,98.87,222.19,4.02,15.23,224.9305964,233.019
2022,8,26,6.77,7.13,33.94,48.06,98.88,223.19,3.78,16.16,212.0054553,247.248
2022,8,27,6.95,7.06,34.64,43.38,98.89,236.31,3.16,16.7,176.8468819,255.51
2022,8,28,5,6.98,35.46,37.31,98.97,228.75,3.51,12.31,196.0709013,188.343
2022,8,29,6.17,6.73,36.3,40.06,99.08,280.94,4.01,14.91,223.6414692,228.123
2022,8,30,6.42,6.65,36.22,39.38,98.96,221.94,4.23,15.11,235.6862844,231.183
2022,8,31,6.6,6.86,36.24,37.44,98.84,170.31,3.01,15.69,167.4963752,240.057
2022,9,1,5.98,6.73,34.67,44.88,98.92,210.81,2.92,14.41,163.4491169,220.473
2022,9,2,6.33,6.58,34.61,45.69,99.08,229.06,3.49,15.08,195.7094087,230.724
2022,9,3,6.65,6.79,35.3,43.5,99.08,187.31,3.38,15.91,189.1169159,243.423
2022,9,4,6.27,6.82,34.8,52.38,99.1,212.75,2.73,15.25,153.0271698,233.325
2022,9,5,6.66,6.84,34.03,54.62,99.18,242.19,3.81,15.95,214.2735657,244.035
2022,9,6,6.67,6.81,33.89,59.38,98.98,311.25,3.55,16.08,199.3394696,246.024
2022,9,7,6.81,6.92,34.15,55.25,98.81,328.88,6.78,16.23,379.7348761,248.319
2022,9,8,6.73,6.88,34.2,49.81,98.88,323.62,5.27,16.29,295.3237053,249.237
2022,9,9,6.56,6.88,34.67,45.69,99.1,308.62,4.14,15.76,232.1611866,241.128
2022,9,10,6.75,6.87,36.68,39.44,98.97,174.62,3.76,16.16,209.2090182,247.248
2022,9,11,6.53,6.74,34.83,46.75,98.93,206.56,3.11,15.71,174.0116546,240.363
2022,9,12,6.04,6.46,35.07,45.94,98.84,207.25,3.01,14.35,168.1321898,219.555
2022,9,13,5.81,6.29,35.53,44.19,98.89,259.31,3.09,13.64,172.43079,208.692
2022,9,14,6.16,6.46,34.94,48.44,99.12,305.75,5.88,14.27,329.513696,218.331
2022,9,15,6.48,6.64,35.04,48.25,99.08,329.62,6.71,15.21,375.7529755,232.713
2022,9,16,6.36,6.64,35.09,40.06,98.97,205.88,4.3,15,240.4891476,229.5
2022,9,17,6.23,6.51,33.5,49.88,99.03,283.81,3.17,14.78,178.31814,226.134
2022,9,18,6.37,6.57,33.3,50.19,99.22,312,4.45,14.98,250.964366,229.194
2022,9,19,6.62,6.74,32.77,51.5,99.21,316.81,5.87,15.69,331.587487,240.057
2022,9,20,6.59,6.67,32.39,46.56,99.15,293.19,5.2,15.53,293.9276491,237.609
2022,9,21,6.63,6.69,32.18,39.56,99.26,196.88,4.62,15.93,261.6129402,243.729
2022,9,22,6.86,6.88,32.35,33.75,99.23,204.94,5.87,16.49,332.1102895,252.297
2022,9,23,6.54,6.75,32.32,40.06,99.23,220.94,5.12,15.58,289.7055669,238.374
2022,9,24,6.37,6.6,33.05,39,99.29,156.69,3.09,15.12,174.5304695,231.336
2022,9,25,5.8,6.4,35.44,33.69,99.11,148.88,3.41,13.98,190.7666529,213.894
2022,9,26,6.21,6.37,36.83,17.81,99.19,68.44,8.09,13.91,450.9155279,212.823
2022,9,27,5.78,6.14,35.54,29.69,99.27,140.62,5,12.72,280.0773048,194.616
2022,9,28,6.28,6.43,35.32,31.44,99.21,162.5,3.19,14.54,178.7086822,222.462
2022,9,29,6.53,6.67,34.59,31,99.07,167.44,3.98,15.38,223.1792114,235.314
2022,9,30,6.49,6.57,33.99,40.19,99.14,277.19,3.34,15.59,187.7895644,238.527
2022,10,1,6.56,6.65,32.38,49.88,99.35,193.44,2.75,15.81,155.7611548,241.893
2022,10,2,6.57,6.64,32.23,49.69,99.18,190.69,2.84,15.67,160.6624208,239.751
2022,10,3,6.55,6.6,31.51,51.44,99.15,188,2.73,15.5,154.7577407,237.15
2022,10,4,6,6.19,32.77,35.62,99.3,161.56,2.9,13.91,163.9652551,212.823
2022,10,5,6.16,6.29,34.1,32.88,99.45,182.38,4.23,14.38,238.4875524,220.014
2022,10,6,6.31,6.36,34.9,31.75,99.31,170.38,3.57,14.73,200.4714068,225.369
2022,10,7,6.1,6.21,34.28,31.88,99.18,157.62,3.72,14.31,209.0418556,218.943
2022,10,8,6.05,6.23,33.13,42.69,99.28,183.62,3.32,14.38,187.4535489,220.014
2022,10,9,6.14,6.19,33.03,43.94,99.31,154.06,3.32,14.52,187.5714346,222.156
2022,10,10,6,6.14,32.08,55.19,99.55,216.31,3.2,14.28,181.7927164,218.484
2022,10,11,6.12,6.22,32.65,43.12,99.53,187.44,3.16,14.57,179.1496891,222.921
2022,10,12,6.17,6.23,32.19,45.19,99.46,181.75,2.7,14.45,153.1937231,221.085
2022,10,13,6.23,6.29,32.07,47.88,99.5,198.62,3.02,14.73,171.4863232,225.369
2022,10,14,6.13,6.17,31.76,42.75,99.43,180.56,3.05,14.35,173.2439447,219.555
2022,10,15,5.84,6.01,31.11,50.25,99.45,175.81,3.19,13.86,181.6197455,212.058
2022,10,16,5.9,5.93,31.87,41.25,99.54,147.44,3.37,13.83,191.5630194,211.599
2022,10,17,5.97,6.01,32.01,40.44,99.69,177.88,3.65,14.27,207.6965618,218.331
2022,10,18,5.88,5.9,31.59,50.75,99.71,170.31,3.38,14.02,192.6364235,214.506
2022,10,19,5.72,5.76,30.26,57.62,99.64,178.19,2.88,13.07,164.7436824,199.971
2022,10,20,6.02,6.05,31.57,41,99.48,150.25,3.28,14.16,186.5181563,216.648
2022,10,21,5.75,5.8,31.44,52.75,99.59,198.56,3.16,13.55,179.9697972,207.315
2022,10,22,5.71,5.73,31.33,51.31,99.78,206.94,3.34,13.66,190.6530023,208.998
2022,10,23,5.58,5.59,30.81,54.88,99.88,287.75,3.5,13.05,200.3284336,199.665
2022,10,24,5.49,5.55,30.65,57.31,99.77,285.88,3.64,12.95,208.2217247,198.135
2022,10,25,5.19,5.47,31.31,51.75,99.54,201.88,3.03,12.42,172.5529844,190.026
2022,10,26,5.46,5.56,30.26,56.94,99.68,207.31,2.22,13.17,127.0409014,201.501
2022,10,27,4.81,5.36,29.6,60.75,99.74,240.06,2.56,11.7,146.9053562,179.01
2022,10,28,5.37,5.49,30.73,48.94,99.67,213.38,3.15,12.82,179.9638798,196.146
2022,10,29,5.54,5.61,30.51,57.5,99.63,181.5,3.11,13.25,177.7359929,202.725
2022,10,30,5.14,5.38,30.76,57.62,99.68,157.5,2.91,12.14,166.2526134,185.742
2022,10,31,5.28,5.44,31.32,52.5,99.63,193.5,3.09,12.42,176.1231952,190.026
2022,11,1,4.98,5.15,30.73,55.81,99.71,208.75,3.8,11.53,217.1864108,176.409
2022,11,2,5.29,5.29,29.33,58.56,99.74,279.5,3.98,12.39,228.5957884,189.567
2022,11,3,5.55,5.54,29.12,47.06,99.72,237.5,5.21,13.33,299.3900758,203.949
2022,11,4,5.46,5.47,29.09,41.81,99.73,190.62,3.45,12.95,198.2921066,198.135
2022,11,5,5.49,5.49,29.04,45.75,99.76,182,2.95,12.82,169.6331868,196.146
2022,11,6,5.37,5.4,29.03,50.94,99.83,178.56,2.98,12.48,171.4841841,190.944
2022,11,7,5.09,5.14,29.08,57.38,99.8,182.19,2.65,11.74,152.423278,179.622
2022,11,8,5,5.13,29,60.75,99.69,196.69,2.96,11.76,170.1112993,179.928
2022,11,9,5.17,5.23,29.38,51.88,99.63,167.44,3.79,12.34,217.4069113,188.802
2022,11,10,4.47,5.03,29.48,51.38,99.68,165.94,3.3,10.84,189.331312,165.852
2022,11,11,4.08,4.91,29.96,57,99.75,168.69,3.3,9.77,189.1642369,149.481
2022,11,12,4.93,5.12,31.05,56.12,99.78,185.56,4.66,11.8,266.2457351,180.54
2022,11,13,5.07,5.08,30.36,54.94,99.84,197.81,3.51,11.94,201.1180906,182.682
2022,11,14,5.1,5.18,30.08,58.62,99.76,180.56,2.88,12.18,165.0400002,186.354
2022,11,15,4.8,4.88,29.85,60.5,99.74,174.88,3.3,11.16,189.2139397,170.748
2022,11,16,4.42,4.82,29.24,63.94,99.72,175.81,3.39,10.41,194.7273691,159.273
2022,11,17,4.46,4.96,28.72,60.75,99.76,194.94,3.45,10.6,198.5948737,162.18
2022,11,18,4.91,4.93,28.8,57.19,99.77,185.88,3.98,11.51,229.065911,176.103
2022,11,19,4.92,4.94,29.09,56.56,99.82,214.31,4.24,11.58,243.9180473,177.174
2022,11,20,4.78,4.79,29.73,54.19,99.8,237.56,3.07,11.12,176.2019755,170.136
2022,11,21,4.53,4.65,30.06,43.62,99.76,180.12,3.52,10.45,201.7288611,159.885
2022,11,22,4.64,4.67,28.98,46.81,99.75,149.31,3.98,10.81,228.883549,165.393
2022,11,23,3.73,4.62,28.89,54.94,99.68,157.56,3.12,9.05,179.3538133,138.465
2022,11,24,0.77,4.75,27.03,74.31,99.58,145.62,5.84,2.16,337.4548458,33.048
2022,11,25,4.18,4.87,26.71,73.38,99.79,215.62,2.76,10.41,159.9889622,159.273
2022,11,26,4.95,4.92,26.92,67.62,99.82,201.62,4.09,11.71,236.990397,179.163
2022,11,27,4.82,4.83,27.18,64.38,99.66,184.25,2.69,11.3,155.4844279,172.89
2022,11,28,4.74,4.79,27.13,68.12,99.59,146.75,3.37,10.99,194.6846359,168.147
2022,11,29,4.3,4.66,27.08,69.44,99.54,158.12,5.32,10.17,307.2328401,155.601
2022,11,30,4.18,4.77,27.4,69,99.63,157.31,3.02,10.12,174.3784424,154.836
2022,12,1,4.6,4.61,27.55,68.38,99.76,168.75,2.46,10.66,142.1577603,163.098
2022,12,2,4.61,4.7,26.91,69.44,99.8,200,2.57,10.88,148.8908512,166.464
2022,12,3,4.73,4.73,26.9,69.12,99.75,170.12,2.56,11.16,148.2421454,170.748
2022,12,4,4.45,4.61,26.84,71.19,99.82,173.69,2.7,10.36,156.4901493,158.508
2022,12,5,4.18,4.42,27.18,69.62,99.77,173.56,2.6,9.66,150.4482212,147.798
2022,12,6,3.78,4.44,26.37,70.25,99.76,200.19,3.24,9.03,187.9697989,138.159
2022,12,7,4.53,4.55,26.26,58.31,99.79,201.75,4.61,10.48,267.6295722,160.344
2022,12,8,4.61,4.6,25.45,56.88,99.97,199.94,5.42,10.61,316.0760784,162.333
2022,12,9,4.58,4.56,25.26,67.5,99.96,219.12,4.16,10.48,242.7273188,160.344
2022,12,10,4.57,4.59,26.04,59.38,99.77,179.69,4.22,10.34,245.1194664,158.202
2022,12,11,4.21,4.29,26.92,61.62,99.7,139.25,4.45,9.6,257.5402092,146.88
2022,12,12,3.94,4.33,25.9,73.38,99.8,183.81,2.79,9.33,162.182276,142.749
2022,12,13,4.32,4.48,26.19,70.31,99.83,152.94,1.97,10.06,114.4392482,153.918
2022,12,14,4.52,4.52,26.51,65.31,99.87,178.25,2.4,10.47,139.3252944,160.191
2022,12,15,4.69,4.67,25.76,59.62,99.86,178.75,3.7,10.8,215.3105421,165.24
2022,12,16,4.71,4.68,25.33,55.69,99.8,184.69,3.48,10.88,202.6781831,166.464
2022,12,17,4.65,4.62,25.95,51.69,99.8,156.62,2.97,10.66,172.6167878,163.098
2022,12,18,4.58,4.59,25.9,47.75,99.91,167.38,3.27,10.41,190.2941152,159.273
2022,12,19,4.55,4.53,25.4,53.19,99.84,170.88,2.94,10.34,171.2565853,158.202
2022,12,20,4.16,4.45,25.5,57,99.72,163.62,2.24,9.62,130.2807417,147.186
2022,12,21,3.69,4.35,25.74,66.5,99.65,163.38,3.47,8.66,201.5152167,132.498
2022,12,22,3.69,4.31,26.76,66.12,99.55,153.75,4.37,8.69,252.6644889,132.957
2022,12,23,3.2,4.35,23.73,69.69,99.72,266.12,6.77,7.79,396.0978183,119.187
2022,12,24,4.84,4.81,21.11,59.69,100.07,169.88,3.43,10.95,203.1791983,167.535
2022,12,25,4.7,4.7,22,56.19,100.08,200.06,3.45,10.7,203.768035,163.71
2022,12,26,4.86,4.93,21.8,58.88,100.2,312,5.07,11.26,300.012765,172.278
2022,12,27,5.04,5.04,21.4,62.44,100.38,234.69,5.93,11.5,352.0102509,175.95
2022,12,28,5.13,5.09,21.84,48.25,100.25,102.75,4.66,11.38,275.8515682,174.114
2022,12,29,3.77,4.7,23.6,55.56,100.14,150.88,4.18,8.93,245.7002477,136.629
2022,12,30,3.45,4.24,22.33,75.5,100.15,163.06,4.11,8.23,242.6482359,125.919
2022,12,31,3.36,4.48,22.76,68.81,100.29,138.44,3.31,8.22,195.4062436,125.766
