YEAR,MO,DY,CLRSKY_SFC_SW_DWN,ALLSKY_SFC_SW_DWN,T2M,RH2M,PS,WS10M,WD10M,UVA,Wind Energy,Solar Energy
2020,1,1,4.17,3.79,16.4,38.44,94.55,3.37,63.38,8.25,191.6815524,126.225
2020,1,2,4.39,4.34,18.06,39.88,94.58,5.7,165.19,9.84,322.4633297,150.552
2020,1,3,4.43,4.43,20.79,33.75,94.54,6.73,194.38,9.96,377.0373944,152.388
2020,1,4,4.33,4.25,21.55,37.88,94.27,4.56,242.94,9.77,254.080109,149.481
2020,1,5,4.03,1.54,14.67,64.38,94.41,3.62,113.88,3.91,206.8321529,59.823
2020,1,6,4.79,4.83,11.15,49.44,94.9,3.26,124.38,10.51,189.5480871,160.803
2020,1,7,4.57,4.6,12.23,41.19,94.97,2.21,106.38,10.23,128.1054573,156.519
2020,1,8,4.33,4.09,14.87,37.38,94.54,4.68,169.81,9.19,267.5785267,140.607
2020,1,9,4.51,3.56,15.84,39.25,94.21,3.68,215.06,8.05,208.9654375,123.165
2020,1,10,4.85,4.88,12.98,47.31,94.06,3.51,210.12,10.74,200.9838444,164.322
2020,1,11,4.92,4.61,10.8,40.94,94.49,6.2,321.69,10.36,359.3752123,158.508
2020,1,12,4.85,4.8,9,44.5,95.12,4.84,333.62,10.39,284.216706,158.967
2020,1,13,5.03,5.08,11.2,27.88,94.92,2.28,277.19,10.99,132.5719966,168.147
2020,1,14,4.91,4.95,10.38,34.75,94.96,5.01,330.62,10.79,292.2751332,165.087
2020,1,15,4.98,4.9,8.66,41.31,95.29,3.46,164.94,10.62,203.7884091,162.486
2020,1,16,5.03,5.07,11.07,48.38,95.21,3.54,158.19,11.17,206.558773,170.901
2020,1,17,5,5.03,13.01,45.62,94.86,5.75,175.25,11.01,332.0125429,168.453
2020,1,18,4.9,4.95,16.07,27.88,94.47,4.71,206.56,11.38,267.9778842,174.114
2020,1,19,4.74,4.69,17.52,35,94.46,3.45,236,10.63,195.2896733,162.639
2020,1,20,4.85,4.88,14.26,50,94.87,3.44,58.06,10.72,197.7870812,164.016
2020,1,21,4.82,4.72,14.36,46.06,94.57,5.19,157.25,10.52,297.3584233,160.956
2020,1,22,4.8,4.79,15.63,38.62,94.32,7.03,238,10.41,399.9488553,159.273
2020,1,23,4.82,4.67,10.87,32.38,94.79,4.72,273.44,10.34,274.3898561,158.202
2020,1,24,5.12,5.12,10.65,36.56,94.84,2.92,123.56,11.26,169.9708549,172.278
2020,1,25,5.09,5.12,11.33,33.75,94.9,5.54,270.31,11.23,321.9116477,171.819
2020,1,26,5.28,5.33,7.69,43.69,95.35,5.95,331.31,11.46,351.8772198,175.338
2020,1,27,5.56,5.58,8.76,42.38,95.35,3.28,309.75,12.34,193.2397703,188.802
2020,1,28,5.56,5.58,10.95,27.62,95.05,1.95,212.5,12.13,113.6391436,185.589
2020,1,29,5.16,4.75,13.96,21.88,94.7,3.81,211.5,10.77,218.8966366,164.781
2020,1,30,4.97,4.78,13.33,28.62,94.94,4.11,271.44,10.31,237.2516243,157.743
2020,1,31,4.98,4.97,15.34,29.06,94.68,2.64,164.75,10.95,150.9189815,167.535
2020,2,1,4.96,4.33,16.08,37.94,94.55,4.16,167.44,10.05,236.8775919,153.765
2020,2,2,4.99,4.99,13.15,23.25,94.99,2.73,56.25,10.57,157.7726208,161.721
2020,2,3,5.39,5.38,12.51,28.31,95.15,2.28,43.5,12.1,132.2837997,185.13
2020,2,4,5.16,5.08,13.9,34.75,94.78,3.98,147.94,11.29,228.9046834,172.737
2020,2,5,4.97,3.82,16.22,44.81,94.73,3.84,176.5,8.71,218.9665171,133.263
2020,2,6,5.07,4.53,17.8,47.69,94.82,4.1,171.38,10.26,232.7436813,156.978
2020,2,7,5.3,5.34,20.24,29.19,94.63,5.05,189.31,12.17,283.71831,186.201
2020,2,8,5.43,5.36,22.52,27.81,94.53,4.88,183.44,12.73,271.7657181,194.769
2020,2,9,5.27,4.37,18.12,29.62,94.65,3.46,39.19,10.15,195.8454176,155.295
2020,2,10,5.06,4.13,14.07,36.62,94.65,3.37,39.38,9.23,193.4408957,141.219
2020,2,11,4.84,4.48,9.78,38.38,94.92,4.87,101.69,9.44,284.5903333,144.432
2020,2,12,5.96,5.99,6.95,20.88,95.48,4.37,101.12,13.2,259.4736085,201.96
2020,2,13,6.15,6.13,8.8,17,95.52,1.64,98.38,13.65,96.77841743,208.845
2020,2,14,6.2,6.22,12.92,16.69,95.19,2.95,161.19,13.88,170.9832154,212.364
2020,2,15,6.1,6.12,15.63,16.38,94.93,3.19,166.19,13.58,182.6583394,207.774
2020,2,16,5.86,5.8,16.99,15,94.64,5.59,168.88,13.21,317.6079656,202.113
2020,2,17,5.88,5.44,20.57,12.5,94.44,4.7,179.25,12.69,263.2284157,194.157
2020,2,18,5.67,4.75,20.73,15.62,94.55,5.77,163.19,10.92,323.3551396,167.076
2020,2,19,5.83,5.53,22.55,18.25,94.25,6.82,172.75,12.91,378.6403232,197.523
2020,2,20,5.46,4.5,19.19,29.25,94.3,6.49,275.44,10.07,364.6536794,154.071
2020,2,21,5.69,5.67,16.15,33.75,94.62,2.88,85.88,12.6,164.073881,192.78
2020,2,22,5.57,5.57,18.88,31.31,94.67,4.77,140.19,12.48,269.3492315,190.944
2020,2,23,5.47,5.17,20.94,35.81,94.66,4.31,144.94,11.46,241.6439722,175.338
2020,2,24,5.84,5.07,23.07,40.38,94.38,5.89,150.62,11.89,326.8837589,181.917
2020,2,25,6.04,4.96,24.93,24.62,94,6.94,220.81,11.57,381.2123305,177.021
2020,2,26,6.37,6.29,18.02,27.31,94.64,6.78,268,14.25,383.8576959,218.025
2020,2,27,6.23,6.2,16.12,34,94.91,3.74,243.44,13.89,213.7433605,212.517
2020,2,28,6.54,6.43,17.76,22.38,94.66,2.62,206.12,14.92,148.4983384,228.276
2020,2,29,5.89,5.87,20.33,20,94.23,4.27,173.94,13.21,238.8091753,202.113
2020,3,1,5.79,5.78,23.21,19.25,94.06,5.55,240.19,12.84,306.8250577,196.452
2020,3,2,5.93,5.89,17.57,26.25,94.67,5.04,111,12.5,285.8778167,191.25
2020,3,3,6.58,6.47,15.69,23.06,94.91,2.89,67.19,14.41,165.4112079,220.473
2020,3,4,6.62,6.51,17.37,22.81,94.77,2.69,202.25,15.01,152.8479359,229.653
2020,3,5,6.33,6.33,18.3,22,94.66,2.2,162.62,14.17,124.462229,216.801
2020,3,6,6.51,6.48,20.08,19.81,94.44,3.52,165.75,14.8,197.4707132,226.44
2020,3,7,6.53,6.55,22.01,18.5,94.24,5.19,211.75,14.9,288.6407117,227.97
2020,3,8,6.14,6.12,19.23,25.12,94.51,4.93,251.38,13.51,277.5808324,206.703
2020,3,9,6.59,6.5,17.73,35.94,94.6,4.3,198.06,14.56,243.5892866,222.768
2020,3,10,6.82,6.8,19.14,27.62,94.7,2.37,58.31,15.24,133.7509332,233.172
2020,3,11,6.96,6.92,19.44,23.25,94.7,3.2,140.25,15.77,180.4068118,241.281
2020,3,12,6.82,6.27,20.22,21.5,94.57,4.61,160.31,14.05,258.8517269,214.965
2020,3,13,6.68,5.3,21.47,13.75,94.36,6.26,159.62,12.26,349.2307635,187.578
2020,3,14,5.84,3.06,21.51,37,94.24,5.23,172.75,6.83,291.3588638,104.499
2020,3,15,6.45,6.44,21.73,42,94.1,4.12,212.44,14.41,229.0097511,220.473
2020,3,16,6.77,6.67,20.6,33.19,94.38,3.7,114.81,15.38,207.0695668,235.314
2020,3,17,6.33,6.33,22.07,33.44,94.35,4.8,115.44,14.36,267.2082231,219.708
2020,3,18,6.38,5.41,24.51,28.5,94.06,6.09,218.38,12.75,335.207898,195.075
2020,3,19,6.79,6.79,22.35,25.94,94.17,3.16,128.69,15.63,175.41011,239.139
2020,3,20,6.72,5.72,22.84,37.88,94.05,3.47,150.94,13.5,192.0541469,206.55
2020,3,21,7.02,6.97,23.77,13.19,93.79,3.56,257.44,16.05,195.8752371,245.565
2020,3,22,7.28,7.26,18.9,20.12,94.1,7.28,304.12,16.48,408.5791921,252.144
2020,3,23,7.46,7.25,16.65,19.81,94.48,4.14,296.38,16.31,235.1009033,249.543
2020,3,24,7.19,6.69,18.43,17.12,94.32,2.34,160.12,15.13,131.8482504,231.489
2020,3,25,6.93,6.46,21.89,15.94,94.01,3.27,186.25,14.65,181.4902752,224.145
2020,3,26,6.87,6.79,23.99,15.25,93.83,4.31,210.25,15.24,237.0665724,233.172
2020,3,27,7.21,6.18,25.32,17.75,93.9,4.84,183.94,14.79,265.2300465,226.287
2020,3,28,6.74,5.25,27.44,19.81,93.77,3.88,183.56,12.2,210.8305619,186.66
2020,3,29,6.83,6.81,23.99,31.81,93.81,6.39,256.06,15.45,351.3996529,236.385
2020,3,30,7,6.96,21.92,33.25,94.31,3.43,52.5,16.14,190.9586173,246.942
2020,3,31,7.01,6.84,22.1,22.88,94.59,3.53,94,15.68,196.9892278,239.904
2020,4,1,6.56,5.53,24.83,22.31,94.38,6.16,169.19,12.34,339.8490204,188.802
2020,4,2,6.94,6.7,26.81,17.88,94.07,5.09,235.62,15.41,278.0468854,235.773
2020,4,3,7.16,6.88,25.83,19.94,94.11,3.05,159.12,15.93,167.2268189,243.729
2020,4,4,7.05,6.86,24.3,29.25,94.48,5.04,53.06,15.9,278.8488777,243.27
2020,4,5,7.21,7.19,25.67,21.56,94.69,4.23,86.25,17.33,233.4787049,265.149
2020,4,6,7.03,6.69,26.78,23.31,94.58,3.12,153.19,16.01,171.3745981,244.953
2020,4,7,7.24,6.66,29.28,20.31,94.26,3.14,197.12,16.12,170.468707,246.636
2020,4,8,7.25,7.14,30.84,16.44,94.02,5.85,209.94,16.58,315.158677,253.674
2020,4,9,6.73,6.66,32.03,14.44,93.88,7.64,190.69,14.8,409.3764202,226.44
2020,4,10,7.24,6.83,32.2,17,93.76,5.34,239.12,16.23,285.6099837,248.319
2020,4,11,7.12,4.87,28.84,21.5,93.94,3.33,273.06,11.27,180.4324642,172.431
2020,4,12,7.26,4.8,28.27,31.31,94.04,3.89,175.38,11.68,211.3988446,178.704
2020,4,13,6.75,5.67,23.44,38.75,94.2,5.3,64.31,13.02,293.2126625,199.206
2020,4,14,7.34,6.98,22.79,35.88,94.3,5.81,90.56,16.88,322.4754139,258.264
2020,4,15,6.8,6.37,20.5,50.69,94.24,4.02,78.94,14.73,224.7210619,225.369
2020,4,16,7.59,7.08,21.84,51.88,94.25,2.34,120.62,16.91,130.2274017,258.723
2020,4,17,7.41,7.17,24.36,41.19,94.1,4.48,141.06,17.02,246.8189626,260.406
2020,4,18,7.02,6.07,26.4,45.5,93.92,6.15,184,14.29,335.8739555,218.637
2020,4,19,6.67,5.01,24.95,41.25,94.06,3.2,191.31,11.15,175.8755343,170.595
2020,4,20,6.75,3.76,22.05,67.69,94.23,4.45,149.75,8.91,247.4259817,136.323
2020,4,21,6.81,5.41,21.43,71.81,94.31,2.62,143.88,12.54,146.1060607,191.862
2020,4,22,7.61,7.32,25.16,48.38,94.16,4,242.44,17.27,219.9232183,264.231
2020,4,23,8.02,7.76,28.94,29.19,94.1,2.22,213.5,18.84,120.4532998,288.252
2020,4,24,7.86,7.17,30.05,26.31,93.98,2.94,231,16.91,158.7325625,258.723
2020,4,25,7.52,7.01,30.47,28.19,93.8,5.38,226.5,16.94,289.5124145,259.182
2020,4,26,7.6,7.46,28.87,26.38,93.82,5.9,258.5,17.58,319.2450633,268.974
2020,4,27,7.2,7.12,25.79,27.75,94.17,4.12,79.12,16.01,226.0675405,244.953
2020,4,28,7.43,7.32,26.63,28.44,94.09,5.23,139.5,17.22,285.9268602,263.466
2020,4,29,7.28,6.85,30.48,25.06,93.73,6.83,201.06,16.14,367.2544732,246.942
2020,4,30,7.73,7.45,28.67,25.12,93.81,4.92,241.38,17.73,266.3659314,271.269
2020,5,1,7.15,6.95,28.15,30.5,94.03,3.97,86.19,15.73,215.8093538,240.669
2020,5,2,7.73,7.67,29.6,27.19,93.9,4.64,226.5,18.03,250.6754909,275.859
2020,5,3,7.82,7.6,28.2,16.88,94.2,5.07,45.38,17.41,276.0578616,266.373
2020,5,4,7.68,7.51,28.35,16.94,94.35,4,104.25,17.4,218.0354108,266.22
2020,5,5,7.47,6.35,30.87,20.38,94.18,5.45,171.06,15.32,294.0799981,234.396
2020,5,6,7.34,5.96,31.32,34.94,94.04,3.8,233.38,14.41,204.4391954,220.473
2020,5,7,7.49,7.14,29.49,22.69,94.24,5.25,72.94,16.73,284.7611287,255.969
2020,5,8,7.46,5.52,29.01,21,94.25,3.77,97.44,12.7,204.8321815,194.31
2020,5,9,7.8,7.11,31.56,20.44,94.02,4.55,165,17.3,244.5442127,264.69
2020,5,10,7.7,6.85,33.15,26.25,94.13,3.81,111.5,16.29,203.9475491,249.237
2020,5,11,7.3,5.64,31.58,26.88,94.33,4.55,49.06,12.7,245.334414,194.31
2020,5,12,7.24,7.01,30.77,18.06,94.34,3.31,38.44,15.88,178.9686814,242.964
2020,5,13,7.6,7.5,29.21,15.56,94.28,4.26,129.38,17.23,231.3754569,263.619
2020,5,14,8.37,7.92,29.26,13.88,94.1,5.18,202.69,19.15,280.7602937,292.995
2020,5,15,7.89,7.09,29.32,15.25,94.07,3.76,98.69,16.38,203.6897315,250.614
2020,5,16,7.99,7.59,31.49,15.75,94.03,2.53,142.81,18.2,136.0230422,278.46
2020,5,17,7.88,7.62,31.97,17.44,94.08,2.26,90.81,17.79,121.3801096,272.187
2020,5,18,8.05,7.63,32.44,14.25,93.99,2.44,214.69,18.49,130.7208282,282.897
2020,5,19,7.6,5.25,32.4,15.06,93.93,2.94,249.25,12.17,157.4279419,186.201
2020,5,20,7.39,6.91,32.31,20.5,93.77,4.36,244.06,15.54,233.1355545,237.762
2020,5,21,7.99,7.8,32.26,12.81,93.84,4.21,230.25,18.16,225.3197678,277.848
2020,5,22,8.11,7.64,32.1,12.94,93.93,3.42,170.56,17.74,183.3104438,271.422
2020,5,23,8.26,8.04,32.38,13.88,93.97,2.37,91.31,18.86,126.9685518,288.558
2020,5,24,8.29,8.13,32.98,11.12,93.83,2.94,140.5,19.12,156.962392,292.536
2020,5,25,8.28,8.19,33.27,10.5,93.94,4.26,132.06,19.49,227.4864324,298.197
2020,5,26,7.87,7.79,30.69,16.56,94.25,4.19,57.88,17.95,226.3929443,274.635
2020,5,27,7.97,7.84,31.98,12.81,94.22,3.96,34.81,18.36,212.9932449,280.908
2020,5,28,7.93,7.77,33.4,11.56,94.03,4.52,20.75,17.93,241.4993708,274.329
2020,5,29,7.93,7.79,34.19,11.56,93.85,4.23,34.69,17.95,224.992484,274.635
2020,5,30,8.33,8.25,34.84,10.81,93.82,3.9,46.94,19.7,206.9359156,301.41
2020,5,31,7.98,7.89,33.83,12.75,93.94,3.83,60.31,18.17,204.1510891,278.001
2020,6,1,8.4,8.31,34.6,12.06,93.88,2.85,126.94,20.24,151.4371168,309.672
2020,6,2,8.3,8.19,35.19,12.81,93.73,3.27,169.88,19.4,173.1446013,296.82
2020,6,3,8.22,8.13,35.85,16.25,93.71,3.34,185.62,20.06,176.4356649,306.918
2020,6,4,8.12,8.01,35.72,13.81,93.82,3.34,121.75,19.35,176.7171181,296.055
2020,6,5,7.9,7.84,35.42,11.75,93.93,5.24,34.75,18.33,277.8397388,280.449
2020,6,6,7.95,7.89,35.15,11.5,93.87,5.19,142.62,18.59,275.2536611,284.427
2020,6,7,7.96,7.89,35.15,12.94,93.73,4.77,25.94,18.69,252.6014996,285.957
2020,6,8,7.82,7.7,35.14,12.44,93.58,1.76,161.75,18.25,93.05693069,279.225
2020,6,9,7.76,7.59,35.6,12.81,93.61,3.26,127.81,17.89,172.1651844,273.717
2020,6,10,8.16,8.03,35.36,11.69,93.67,3.84,125.69,19.44,203.0836461,297.432
2020,6,11,8.18,8.03,35.48,11.75,93.57,3.02,128.62,19.15,159.4842817,292.995
2020,6,12,8.33,8.2,36.13,9.44,93.48,2.97,128.25,19.66,156.3636391,300.798
2020,6,13,8.26,8.14,34.64,12,93.61,3.97,35.38,19.37,210.3152185,296.361
2020,6,14,8.01,7.91,34.37,11,93.74,3.88,62,18.52,206.0135386,283.356
2020,6,15,8.02,7.87,34.99,11.88,93.73,2.07,97.88,18.82,109.676438,287.946
2020,6,16,8.24,8.16,37.31,9.44,93.44,3.69,206.44,19.61,193.4487803,300.033
2020,6,17,8.32,8.22,36.23,10.81,93.38,4.52,54.06,19.64,237.6361581,300.492
2020,6,18,8.13,8.05,34.64,10.25,93.45,6.03,207.44,18.97,318.9000339,290.241
2020,6,19,8.5,8.42,33.67,9.19,93.47,5.55,289.25,20.53,294.5059093,314.109
2020,6,20,8.23,8.12,34.22,11.94,93.45,3.42,66.12,19.37,181.1158205,296.361
2020,6,21,8.12,7.99,33.87,14.88,93.54,3.35,89.62,18.9,177.7820699,289.17
2020,6,22,8.13,8.03,32.27,15.19,93.71,6.09,274.38,18.91,325.475431,289.323
2020,6,23,8.13,8.05,32.52,15.94,93.68,6.45,345.12,18.88,344.323158,288.864
2020,6,24,8.55,8.46,32.18,11.62,93.66,4.95,321.12,20.44,264.4857803,312.732
2020,6,25,7.85,7.78,34.02,10.5,93.55,5.73,136.31,18.14,303.9709419,277.542
2020,6,26,7.83,7.76,34.9,9.69,93.55,4.99,14.69,18.3,263.9584549,279.99
2020,6,27,8.05,7.93,36.15,7.94,93.5,5.19,119.62,18.84,273.2822986,288.252
2020,6,28,8.27,8.14,35.55,8.88,93.47,3.93,26.38,19.3,207.2719898,295.29
2020,6,29,8.25,8.15,37.15,10.31,93.21,4.14,213.25,19.45,216.6174937,297.585
2020,6,30,8.2,8.01,36.83,11.88,93.16,3.83,74.44,19.34,200.4966096,295.902
2020,7,1,8.2,8.12,36.98,11.75,93.15,2.2,69.75,19.83,115.0997059,303.399
2020,7,2,8.03,7.91,36.18,14,93.21,4.21,117.44,18.88,220.9708648,288.864
2020,7,3,8.07,7.96,35.68,16.94,93.38,4.84,80.5,19.47,254.9131285,297.891
2020,7,4,7.89,7.79,36.16,13.94,93.31,3.22,76.94,18.37,169.200855,281.061
2020,7,5,8,7.89,37.32,11.88,92.96,2.06,173.06,18.97,107.4375626,290.241
2020,7,6,8.1,8.02,37.78,9.94,92.91,2.13,67.62,19.09,110.8643435,292.077
2020,7,7,8.01,7.95,38.18,9.62,93.02,2.51,203.94,18.76,130.6295823,287.028
2020,7,8,8.02,7.84,37.64,10.62,93.19,3.78,282.12,18.65,197.4269918,285.345
2020,7,9,7.97,7.83,37.23,10.31,93.26,4.76,329,18.55,249.1271663,283.815
2020,7,10,8.21,8.06,37.33,11.5,93.24,5.86,339.38,19.43,306.5340366,297.279
2020,7,11,7.94,7.44,37.54,12.5,93.1,5.3,235.69,17.65,276.6372945,270.045
2020,7,12,7.92,7.68,37.68,14.12,92.97,4.99,102.06,18.12,259.9757868,277.236
2020,7,13,7.72,7.28,37.05,14.06,92.99,3.64,81.56,16.79,190.0676876,256.887
2020,7,14,7.79,7.39,37.01,14.06,93.23,2.82,138.06,17.34,147.6493222,265.302
2020,7,15,7.74,7.42,37.98,14.25,93.3,2.98,214.69,17.45,155.6569341,266.985
2020,7,16,7.53,7.46,36.98,14.06,93.14,4.12,92.75,17.04,215.5272182,260.712
2020,7,17,7.77,7.69,36.78,11.56,93.19,4.54,110.69,18.21,237.7792766,278.613
2020,7,18,7.83,7.62,36.53,9.56,93.18,6.14,12.12,17.74,321.8032101,271.422
2020,7,19,7.6,6.96,37.12,15.12,93.24,3.58,157.12,16.32,187.3949827,249.696
2020,7,20,7.22,7.14,38.7,16.25,93.22,4.96,168.88,16.5,258.2601981,252.45
2020,7,21,7.71,7.48,38.07,9,93.11,7.16,121.12,17.52,373.1249615,268.056
2020,7,22,7.56,7.41,37.53,12.75,92.95,4.54,162.94,16.77,236.5943687,256.581
2020,7,23,7.14,6.05,37.26,27.69,93.14,4.73,112.25,14.3,247.2146045,218.79
2020,7,24,7.52,7.36,37.19,21.38,93.3,3.42,111.56,17.93,179.0945818,274.329
2020,7,25,7.16,7,36.69,24.38,93.4,4.38,116.88,16.57,229.9831171,253.521
2020,7,26,7.75,7.66,36.23,25.94,93.56,4.5,123.25,19.57,237.0407131,299.421
2020,7,27,7.21,6.75,37.34,20.94,93.56,3.3,116.25,15.97,173.2084155,244.341
2020,7,28,7.57,7.34,38.83,18,93.34,3.4,148.94,18.11,177.1872276,277.083
2020,7,29,7.42,7.33,38.16,20.12,93.39,3.04,145.5,17.62,158.8522391,269.586
2020,7,30,7.4,7.14,39.01,16.31,93.28,3.24,131.88,17.09,168.6431667,261.477
2020,7,31,7.42,6.99,39.91,14.88,93.1,4.32,133.12,16.45,223.7784699,251.685
2020,8,1,7.28,6.98,39.77,14,93.07,3.3,123.44,16.13,170.963258,246.789
2020,8,2,7.42,5.92,39.33,15.25,93.18,2.64,138.69,14.24,137.1250693,217.872
2020,8,3,7.38,7.31,38.21,15.19,93.2,5.54,69.38,16.84,288.8519552,257.652
2020,8,4,7.92,7.82,36.69,11.88,93.07,4.87,309.81,19.05,254.8083434,291.465
2020,8,5,7.84,7.78,35.69,11.94,93.11,5.34,294.06,18.31,280.4248479,280.143
2020,8,6,7.63,7.46,34.84,12.19,93.28,6.24,339.5,17.51,329.1917665,267.903
2020,8,7,7.45,7.09,35.51,16.94,93.2,5.53,340.19,16.34,290.8527303,250.002
2020,8,8,7.59,7.48,36.13,15.19,93.07,5.32,307.31,17.65,278.8572644,270.045
2020,8,9,7.27,6.57,35.77,14.06,93.19,4.74,252.5,14.44,249.0657903,220.932
2020,8,10,7.55,7.43,35.23,11.38,93.43,6.22,279.12,17.29,328.2486757,264.537
2020,8,11,7.82,7.72,33.26,13.25,93.53,6.05,339,18.8,321.6739021,287.64
2020,8,12,7.74,7.69,33.41,14.38,93.51,3.71,284.75,18.33,197.119202,280.449
2020,8,13,7.9,7.77,34.37,13.31,93.38,4.59,336.75,19.21,242.7759388,293.913
2020,8,14,7.58,7.51,35.11,14.94,93.15,5.77,316.94,17.88,303.7064053,273.564
2020,8,15,7.6,7.55,35.29,16.31,93.12,5.7,114.5,18.07,299.7502691,276.471
2020,8,16,7.45,7.38,35.51,15.69,93.24,3.91,111.25,17.23,205.736394,263.619
2020,8,17,7.39,7.13,35.64,14.75,93.26,5.48,141.88,16.63,288.2870906,254.439
2020,8,18,7.61,7.56,33.59,11.31,93.28,5.12,260.06,17.98,271.2067774,275.094
2020,8,19,7.57,7.49,33.38,9.62,93.28,3.98,153.44,17.3,210.9653242,264.69
2020,8,20,7.75,7.64,34.49,10.5,93.36,4.45,127.94,18.32,235.2288062,280.296
2020,8,21,7.63,7.61,35.73,12.75,93.35,4.06,113.81,17.99,213.7287867,275.247
2020,8,22,7.39,7.11,36.66,12.44,93.22,3.5,144.12,16.42,183.4400518,251.226
2020,8,23,7.42,7.26,37.36,12.25,93.1,4.52,227.69,17.18,236.0613996,262.854
2020,8,24,7.46,7.24,37.48,13.38,93.15,3.66,112.31,17.2,191.1758374,263.16
2020,8,25,7.31,7.27,35.63,18.12,93.43,3.23,85.56,17.2,170.236296,263.16
2020,8,26,7.04,6.95,35,16.31,93.49,3.56,98.12,15.92,188.1331984,243.576
2020,8,27,7.31,7.24,34.3,15.94,93.46,2.84,79.38,17.07,150.3772272,261.171
2020,8,28,7.32,7.18,33.19,14.69,93.46,3.77,53.75,16.73,200.3437839,255.969
2020,8,29,7.47,7.41,32.9,12.88,93.58,4.68,38.81,17.31,249.2579181,264.843
2020,8,30,7.47,7.44,33.38,11.94,93.57,4.18,166.25,16.56,222.2554295,253.368
2020,8,31,7.43,7.39,33.37,10.56,93.46,2.95,186.69,16.91,156.6756225,258.723
2020,9,1,6.91,5.51,34.12,19.5,93.59,3.45,129.06,12.42,183.0378202,190.026
2020,9,2,6.52,5.61,34.03,18.5,93.9,4.11,104.25,13.04,218.8401134,199.512
2020,9,3,7.29,7.02,33.61,14.31,94.07,2.91,107.94,17.05,155.4382353,260.865
2020,9,4,7.03,6.74,34.71,12.81,93.86,2.87,102.25,15.56,152.4128678,238.068
2020,9,5,7.11,6.86,33.83,16,93.69,2.56,108.12,15.91,136.0929336,243.423
2020,9,6,7.21,7.17,33.4,14.81,93.68,3.88,128,16.7,206.5331364,255.51
2020,9,7,7.23,7.15,31.98,16.88,93.89,4.11,116.06,16.86,220.2869171,257.958
2020,9,8,7.15,7.1,32.88,17.5,93.97,2.83,115.5,16.86,151.3645288,257.958
2020,9,9,7.08,7.07,34.01,13.88,93.84,2.39,152.5,16.43,127.1843557,251.379
2020,9,10,6.97,6.63,33.95,14.06,93.7,3.03,194,15.36,161.0329897,235.008
2020,9,11,6.88,6.22,34.01,12.94,93.7,3.58,39.75,14.31,190.2262347,218.943
2020,9,12,7.19,7.18,33.17,12.81,93.82,4.12,23.75,16.68,219.8010407,255.204
2020,9,13,6.74,6.73,33.54,12.38,93.91,2.04,120.44,15.02,108.8065013,229.806
2020,9,14,6.52,6.2,35.49,12.56,93.88,1.09,192.12,13.82,57.75104162,211.446
2020,9,15,6.75,6.33,34.83,12.44,93.78,2.62,111.12,14.6,138.9637286,223.38
2020,9,16,6.9,6.89,32.62,11.5,93.77,3.03,56.5,15.85,161.8542562,242.505
2020,9,17,7,6.97,32.8,13.56,93.99,2.42,121.56,16.34,129.4967924,250.002
2020,9,18,6.86,6.85,32.22,15.62,94.01,2.76,90,15.86,148.0025571,242.658
2020,9,19,6.91,6.88,32.42,15.06,93.84,3.15,73.62,16.06,168.50015,245.718
2020,9,20,6.85,6.86,32.27,13.38,93.82,4.45,33.25,15.54,238.1060442,237.762
2020,9,21,6.72,6.71,31.3,14,93.83,5.8,152.81,15.6,311.3624132,238.68
2020,9,22,6.83,6.81,30.8,17,93.88,4.8,78.5,15.7,258.2406604,240.21
2020,9,23,7.03,7.01,31.44,11.19,93.83,4.03,117.62,16.33,216.2437553,249.849
2020,9,24,6.92,6.94,32.29,10.81,93.88,2.68,139.62,16.08,143.4810073,246.024
2020,9,25,6.67,6.69,31.09,16.38,94,3.79,61.62,15.23,203.968548,233.019
2020,9,26,6.73,6.72,32.04,15.75,93.88,2.56,58.75,15.49,137.1687561,236.997
2020,9,27,6.72,6.71,31.33,17.44,93.94,3.95,65.31,15.29,212.2762142,233.937
2020,9,28,6.51,6.5,30.83,17.31,94.07,3.48,206.81,15,187.5848803,229.5
2020,9,29,6.61,6.61,29.66,17.38,93.9,4.17,323.88,15.1,225.2391538,231.03
2020,9,30,6.79,6.79,29.59,14.25,93.76,3.54,277.88,15.88,190.9692785,242.964
2020,10,1,6.69,6.69,30.48,12.56,93.96,1.37,106.31,15.55,73.84674355,237.915
2020,10,2,6.54,6.54,31.18,12.56,94.16,1.77,258.12,15.13,95.39100038,231.489
2020,10,3,6.53,6.55,29.58,17.5,94.19,3.55,230.44,15.16,192.3933879,231.948
2020,10,4,6.39,6.42,29.38,24.06,94.2,2.26,78.19,14.55,122.5754081,222.615
2020,10,5,6.5,6.51,30.61,16.44,94.13,2.1,117.25,15.13,113.3520092,231.489
2020,10,6,6.27,6.28,30.49,16,94.12,2.26,99.5,14.38,122.0235984,220.014
2020,10,7,6.18,6.2,29.33,19.38,94.3,3.73,56.44,14.31,202.5518963,218.943
2020,10,8,6.24,6.26,27.86,15.62,94.47,4.02,43.88,14.36,219.7614429,219.708
2020,10,9,6.49,6.5,26.3,16.75,94.51,3.01,59.56,14.95,165.4750018,228.735
2020,10,10,6.36,6.38,25.32,15.69,94.44,3.05,97.75,14.48,168.0999504,221.544
2020,10,11,6.46,6.48,23.87,16.12,94.39,3.1,204.31,14.49,171.5988762,221.697
2020,10,12,6.4,6.42,23.89,15.44,94.38,3.45,227.31,14.48,190.9398535,221.544
2020,10,13,6.28,6.3,24.22,15.94,94.34,3.91,140.62,14.27,216.0667451,218.331
2020,10,14,6.44,6.47,24.59,13.5,94.35,2.73,123.44,14.58,150.6883997,223.074
2020,10,15,6.34,6.36,25.72,17.62,94.31,2.1,98.88,13.98,115.4269364,213.894
2020,10,16,6.42,6.44,24.28,15.94,94.28,2.71,43.06,14.26,149.6292664,218.178
2020,10,17,6.18,6.21,23.94,20.5,94.4,2.2,86.25,13.93,121.7640527,213.129
2020,10,18,6.29,6.31,24.05,13.5,94.48,2.77,98.56,13.98,153.3851452,213.894
2020,10,19,6.09,6.12,23.65,17.25,94.54,3.88,47,13.62,215.2761313,208.386
2020,10,20,6.09,6.12,22.95,14.38,94.51,4.43,154.06,13.27,246.2949658,203.031
2020,10,21,6.15,6.18,22.96,15.31,94.54,4.05,166.44,13.68,225.2319516,209.304
2020,10,22,6.08,6.11,23.07,16.81,94.55,4.61,202.56,13.5,256.3070394,206.55
2020,10,23,6.09,6.12,23.23,17.56,94.42,5.06,137.38,14.04,280.7876954,214.812
2020,10,24,6.05,6.07,22.33,13.44,94.42,2.81,70.88,13.48,156.4064572,206.244
2020,10,25,6.01,6.02,22.2,14.75,94.47,3.54,158.19,13.48,197.2298549,206.244
2020,10,26,5.98,5.9,22.65,20.31,94.55,2.85,159.56,13.34,158.6794464,204.102
2020,10,27,5.73,5.69,22.69,21.94,94.6,2.35,125.38,12.66,130.8924383,193.698
2020,10,28,5.68,5.6,22.76,18.88,94.67,2.14,102,12.46,119.2556494,190.638
2020,10,29,5.62,5.41,22.15,18.38,94.69,2.48,117.19,12.02,138.5175507,183.906
2020,10,30,5.75,5.6,21.76,28.19,94.72,2.24,124.5,12.54,125.317771,191.862
2020,10,31,5.59,5.6,22.12,27.31,94.71,3.28,157.56,12.3,183.2579438,188.19
2020,11,1,5.6,5.19,21.96,25.12,94.79,3.39,155.94,11.8,189.6665517,180.54
2020,11,2,5.58,5.51,22.44,28,94.87,3.17,170.75,12.24,177.2192435,187.272
2020,11,3,5.53,5.44,22.62,23.75,94.82,3.3,165.88,12.05,184.2774622,184.365
2020,11,4,5.5,5.39,22.59,23.12,94.6,3.06,172.62,11.94,170.4962956,182.682
2020,11,5,5.47,5.43,22.39,19.56,94.34,2.88,189.75,11.8,160.1343657,180.54
2020,11,6,5.53,5.45,22.15,21.56,94.39,4.13,175.88,12.12,229.9455683,185.436
2020,11,7,5.19,5.22,22.21,21.12,94.53,4.09,159.19,11.77,228.0099187,180.081
2020,11,8,5.17,5.19,22.83,24.25,94.64,4.24,160.81,11.88,236.1514821,181.764
2020,11,9,5.03,5.07,23.56,36.19,94.78,3.9,152.56,11.64,217.0009229,178.092
2020,11,10,5.09,5.06,24.15,32.81,94.58,4.23,166.25,11.55,234.3997915,176.715
2020,11,11,5.07,5.11,24.23,30.06,94.51,4.55,180.56,11.63,251.8777794,177.939
2020,11,12,5.04,5.05,23.88,25.81,94.56,4.52,189.81,11.23,250.6444175,171.819
2020,11,13,5.03,5.07,23.76,33.25,94.59,4.05,183.5,11.34,224.7438813,173.502
2020,11,14,4.56,4.57,20.33,47.06,94.75,3.25,49.31,10.13,182.7664694,154.989
2020,11,15,4.92,4.96,20.37,34.31,94.58,3.87,136.12,11.34,217.2126075,173.502
2020,11,16,4.76,4.8,22.3,37.12,94.49,4.84,201.25,10.84,269.6246966,165.852
2020,11,17,4.88,4.88,23.05,29.81,94.62,1.68,203.62,11.01,93.48019817,168.453
2020,11,18,4.67,4.65,20.65,56.25,94.69,2.66,67.69,10.39,149.3297764,158.967
2020,11,19,4.64,4.68,20.2,45.5,94.71,3.86,137.81,10.39,217.0748461,158.967
2020,11,20,4.82,4.78,20.91,40.75,94.64,5.16,162.56,10.66,289.2683601,163.098
2020,11,21,4.83,4.89,21.19,31.62,94.51,5,180.81,10.78,279.6474961,164.934
2020,11,22,4.63,4.67,19.82,41,94.69,4.38,136.88,10.64,246.5854966,162.792
2020,11,23,4.57,4.56,17.83,37.31,94.86,3.09,105.44,10.29,175.4651667,157.437
2020,11,24,4.77,4.8,17.02,38.94,94.79,2.78,109.19,10.8,158.1857153,165.24
2020,11,25,4.73,4.78,17.24,33.75,94.63,3.11,139.75,10.55,176.5306115,161.415
2020,11,26,4.69,4.55,18.61,27.44,94.51,4.97,172.25,10.38,280.4276643,158.814
2020,11,27,4.28,1.85,18.85,42.75,94.73,4.12,161.44,4.79,232.8168211,73.287
2020,11,28,3.93,3.03,20.29,57.25,94.68,4.84,150.88,7.01,272.0174406,107.253
2020,11,29,4.24,3.8,21.4,56.38,94.56,3.52,150.38,8.81,196.8355568,134.793
2020,11,30,4.16,1.9,19.33,66.06,94.74,3.23,75.81,4.74,182.2435564,72.522
2020,12,1,4.32,1.87,17.45,72.62,94.7,3.77,113.06,4.76,213.9972401,72.828
2020,12,2,4.07,2.72,19.11,66.25,94.68,3.82,131.75,6.3,215.558268,96.39
2020,12,3,4.38,4.27,21.23,52.44,94.66,3.84,153.69,9.95,215.0809156,152.235
2020,12,4,4.4,4.43,21.12,53.56,94.55,4.26,159.31,10.12,238.4172071,154.836
2020,12,5,4.31,4.27,20.89,48.56,94.36,4.8,165.62,9.8,268.3089802,149.94
2020,12,6,4.51,4.55,19.83,37.5,94.36,5.38,291.19,10.03,301.8176869,153.459
2020,12,7,4.75,4.74,13.98,52.56,94.96,3.77,265.38,10.55,217.1780545,161.415
2020,12,8,4.76,4.74,13.98,46.06,95.12,2.62,196,10.59,151.184412,162.027
2020,12,9,4.54,4.55,16.62,36.75,94.9,1.88,204.25,10.01,107.2464917,153.153
2020,12,10,4.53,4.55,15.97,39.06,94.83,3.65,211.31,9.97,208.5321078,152.541
2020,12,11,4.43,4.47,14.17,47.94,94.94,2.62,110.31,9.77,150.7985321,149.481
2020,12,12,4.47,4.48,14.45,44.06,94.95,2.02,109.88,9.85,116.1635591,150.705
2020,12,13,4.54,4.57,15.17,41,94.93,1.55,175.5,9.96,88.89408476,152.388
2020,12,14,4.57,4.58,14.89,40.06,94.85,2.17,155.25,9.91,124.4677159,151.623
2020,12,15,4.6,4.45,14.56,33.62,94.76,4.61,178.44,9.77,264.4742983,149.481
2020,12,16,4.44,4.44,15.56,27.81,94.67,4.91,183.31,9.61,280.4429299,147.033
2020,12,17,4.37,4.41,17.12,35.25,94.64,4.5,189.88,9.75,255.5627458,149.175
2020,12,18,4.22,4.1,16.05,50.69,94.69,2.2,139.12,9.16,125.4703074,140.148
2020,12,19,4.01,2.99,14.16,70.06,95,4.21,45.69,7,242.475248,107.1
2020,12,20,3.92,3.32,14.53,65.81,95.18,3.17,73.25,7.55,182.6870428,115.515
2020,12,21,4.21,4.01,14.23,56.75,95.18,2.14,102.81,9.11,123.4569054,139.383
2020,12,22,4.3,4.3,15.06,52.06,95.04,1.69,127.75,9.57,97.07257273,146.421
2020,12,23,4.4,4.42,15.77,47.44,94.74,3.3,173.94,9.85,188.487332,150.705
2020,12,24,4.3,4.02,17.52,43.81,94.46,4.03,174.81,9.23,228.1209807,141.219
2020,12,25,4.21,3.86,13.91,50.88,94.95,4.34,36.94,8.59,250.0486253,131.427
2020,12,26,4.44,3.68,11.15,25.44,95.2,3.55,35.06,8.55,207.0622338,130.815
2020,12,27,4.68,3.92,10.94,26.19,95.14,3.12,75.06,8.92,182.0011983,136.476
2020,12,28,4.33,4.06,11.31,58.88,95.08,2.81,64.25,8.98,163.6012963,137.394
2020,12,29,4.26,3.9,12.83,68.25,94.98,2.42,118.88,8.74,139.998803,133.722
2020,12,30,4.38,4.25,13.64,58.75,94.9,2.72,139.94,9.53,156.7774389,145.809
2020,12,31,4.34,4.34,13.85,43.75,94.79,2.84,134.56,9.7,163.3847131,148.41
2021,1,1,4.11,3.05,14.7,56.25,94.8,2.35,125.75,6.92,134.8100963,105.876
2021,1,2,4.25,4.28,16.4,62.12,94.94,1.94,105.12,9.57,110.8000206,146.421
2021,1,3,4.26,4.26,16.08,62,94.89,2.03,107.81,9.43,116.0073751,144.279
2021,1,4,4.18,2.96,17.4,51.44,94.68,3.77,156.88,6.74,213.9888638,103.122
2021,1,5,4.3,4.35,16.68,49.69,94.84,3.86,150.94,9.58,220.0128092,146.574
2021,1,6,4.28,4.04,16.31,50.31,94.98,2.81,138.88,9.08,160.6062273,138.924
2021,1,7,4.23,3.41,15.4,53.12,95,3.16,92.12,7.78,181.2183043,119.034
2021,1,8,4.09,2.65,13.37,68,95.02,2.17,121.19,6.09,125.3522895,93.177
2021,1,9,4.63,4.68,12.85,62.12,95.02,3.08,92.5,10.58,178.2428684,161.874
2021,1,10,4.57,4.58,12.76,63.5,95.03,2.49,105.88,10.21,144.1594723,156.213
2021,1,11,4.58,4.63,12.95,57.62,95.16,1.93,51.12,10.04,111.8166142,153.612
2021,1,12,4.84,4.88,10.83,42.62,95.24,3.39,220.12,10.75,198.0358347,164.475
2021,1,13,5.09,5.1,10.81,30.38,95.02,2.95,256.94,11.12,171.9460992,170.136
2021,1,14,5.1,5.04,13.28,27.94,94.62,3.21,189.5,11.16,184.7063925,170.748
2021,1,15,4.61,3.46,15.97,44.81,94.43,4.51,267.31,8.12,256.5788472,124.236
2021,1,16,4.49,4.49,15.8,58.94,94.46,3.43,167.94,10.18,195.313299,155.754
2021,1,17,4.78,4.81,17.76,38.5,94.26,4.78,267.06,10.86,269.7796177,166.158
2021,1,18,4.88,4.93,16.76,34.12,94.59,2.46,109.19,11.08,139.8072167,169.524
2021,1,19,4.86,4.9,14.38,37.94,94.81,3.53,98.5,10.85,202.7487292,166.005
2021,1,20,4.99,5.01,15.88,38.62,94.6,4.84,183.06,11.3,275.9345157,172.89
2021,1,21,4.31,4.36,11.91,37.94,95.21,6.37,236.06,9.25,370.5938175,141.525
2021,1,22,5.01,5.05,8.33,27.38,95.32,4.47,181.25,11.26,263.6674188,172.278
2021,1,23,5.08,5.09,9.3,23.5,95.16,3.11,155.25,11.37,182.5095929,173.961
2021,1,24,5.1,5.15,11.69,23.19,95.07,1.86,135.56,11.45,108.1354058,175.185
2021,1,25,5.26,5.31,13.44,19.19,94.98,2.9,165.81,11.93,167.4100722,182.529
2021,1,26,5.02,5.08,14.9,21.12,94.94,2.8,153.62,11.23,160.7503149,171.819
2021,1,27,5.1,5.12,15.59,20.25,94.84,4.1,159.12,11.38,234.574556,174.114
2021,1,28,5.13,5.17,17.46,30.06,94.64,5.73,173.56,11.58,325.0358409,177.174
2021,1,29,5.12,4.81,18.91,26.56,94.44,5.27,196.62,11,296.8294353,168.3
2021,1,30,4.77,4.78,17.13,32.81,94.72,4.73,122,10.39,268.8426508,158.967
2021,1,31,5.06,5.11,13.52,38.62,94.96,2.81,74.62,11.33,162.1351705,173.349
2021,2,1,5.24,5.26,14.83,32.56,95.11,2.48,108.19,11.85,142.6684649,181.305
2021,2,2,5.26,5.31,16.05,31.62,95.11,3.04,141.94,11.87,174.1461709,181.611
2021,2,3,5.36,5.38,17.08,30,94.85,2.96,164.19,12.32,168.4997255,188.496
2021,2,4,5.48,5.53,18.38,29.62,94.59,4.8,163.56,12.49,271.2786799,191.097
2021,2,5,5.34,5.25,18.49,27.44,94.34,6.41,159.38,11.8,361.1763169,180.54
2021,2,6,5.05,4.12,16.15,52.56,94.3,3.54,231.81,9.46,200.9920937,144.738
2021,2,7,5.58,5.62,14.76,57.06,94.7,4.68,312.19,12.82,268.1337831,196.146
2021,2,8,5.5,4.92,13.15,61.5,95.21,4.08,179,11.21,236.3381509,171.513
2021,2,9,5.82,5.82,13.86,52.5,95.29,3.77,139.81,12.97,218.0238988,198.441
2021,2,10,5.89,5.91,14.62,35.38,94.97,3.8,142.75,13.13,218.4424159,200.889
2021,2,11,5.97,6,16.19,26.31,94.69,3.07,157.44,13.18,175.0033926,201.654
2021,2,12,5.98,5.69,18.12,20.69,94.56,1.89,203.38,12.98,106.8774209,198.594
2021,2,13,5.75,4.35,17.94,23.38,94.6,1.88,134.75,10.23,106.4226705,156.519
2021,2,14,5.98,5.98,18.8,23.62,94.76,3.02,114,13.66,170.7402718,208.998
2021,2,15,6,4.61,19.34,24.69,94.61,3.43,156.62,10.94,193.2558251,167.382
2021,2,16,6.02,6.05,20.32,23.56,94.29,5.18,167.5,13.95,289.8972773,213.435
2021,2,17,5.75,5.6,22,18.62,94.03,6.15,187.12,12.91,341.2802981,197.523
2021,2,18,5.25,2.37,17.85,62.38,94.45,5.38,226.69,5.96,304.1611224,91.188
2021,2,19,5.23,3.73,12.86,51.81,94.97,4.33,59.06,8.48,250.4410809,129.744
2021,2,20,5.21,3.02,11,73.31,94.92,3.38,76.5,7.02,196.6705003,107.406
2021,2,21,5.64,3.41,13.83,76.25,94.82,3.77,79.94,8.36,216.971216,127.908
2021,2,22,5.56,4.92,15.79,58.69,94.89,4.06,82.75,11.52,232.2476161,176.256
2021,2,23,5.38,4.25,16.56,50.19,94.82,4.18,81.5,9.79,238.3006351,149.787
2021,2,24,5.58,5.16,17.31,49.25,94.34,3.7,135.94,12.05,209.326261,184.365
2021,2,25,5.88,5.83,15.69,46.69,94.54,5.85,262.69,12.97,333.5236085,198.441
2021,2,26,6.46,6.36,13.72,33.38,94.73,4.17,246.94,14.59,239.8561796,223.227
2021,2,27,6.09,6.07,15.11,27.5,94.67,2.64,38.25,13.86,151.0234457,212.058
2021,2,28,5.89,5.9,17.26,25.38,94.36,5.92,151.44,13.32,335.0506966,203.796
2021,3,1,6.01,5.79,20.01,26.5,94.28,5.08,257.56,13.3,284.5712531,203.49
2021,3,2,6.1,5.97,18.35,32.38,94.7,4.08,74.38,13.75,230.8787892,210.375
2021,3,3,6.03,5.45,18.9,37.25,94.62,4.14,81.31,12.68,233.6353357,194.004
2021,3,4,6.26,6.28,21.41,29.88,94.33,5.2,161.06,14.54,290.0626832,222.462
2021,3,5,5.77,5.74,20.32,25.56,94.69,6.09,169.69,12.45,342.2710367,190.485
2021,3,6,6.23,6.13,16.72,28.31,95,4.32,12.25,13.82,246.6133228,211.446
2021,3,7,6.46,6.4,17.76,22.25,94.72,2.63,92.75,14.88,149.1596105,227.664
2021,3,8,6.24,6.23,21.05,21.06,94.38,4.06,178.56,14.12,226.8693315,216.036
2021,3,9,6.2,6.22,23.37,20.56,94.37,3.55,179.31,14.09,196.7980405,215.577
2021,3,10,6.35,6.2,21.49,21.88,94.62,4.17,72.56,14.05,233.2597179,214.965
2021,3,11,6.37,6.33,22.21,23,94.37,4.91,151.75,14.39,273.2600988,220.167
2021,3,12,6.44,6.44,26.88,16.12,93.83,8.16,229,14.48,444.5080662,221.544
2021,3,13,5.43,5.15,19.98,23.31,94.47,3.91,119.31,10.21,219.4941035,156.213
2021,3,14,5.87,5.48,19.37,21.25,94.5,2.31,98,11.73,129.9872263,179.469
2021,3,15,5.88,5.88,21.93,16.31,94.31,4.64,159.94,12.58,258.3142731,192.474
2021,3,16,6.46,6.12,24.71,16.38,94.21,5.2,180.69,13.98,286.4841607,213.894
2021,3,17,6.49,6.25,27.2,15.25,94.08,5.9,198.94,14.08,321.9097548,215.424
2021,3,18,6.67,6.64,27.8,13.62,94.03,5.51,227.38,15.12,299.8721548,231.336
2021,3,19,6.71,6.72,25.48,21.19,94.24,3.28,132.81,15.29,180.2968504,233.937
2021,3,20,6.44,6.27,22.62,21.12,94.46,3.33,57.75,14.16,185.2467113,216.648
2021,3,21,7.09,7,23.98,18.75,94.38,1.66,189.62,16.04,91.84468124,245.412
2021,3,22,6.94,6.86,26.8,15.88,94.32,3.61,225.44,15.73,197.7309172,240.669
2021,3,23,7.1,6.95,26.81,15.88,94.33,3.35,161.5,16.25,183.5032455,248.625
2021,3,24,7.21,7.13,28.94,12.81,94.07,6.63,195.19,16.41,359.6174659,251.073
2021,3,25,7.19,7.07,28.78,12.75,94,4.96,203,16.42,268.9773535,251.226
2021,3,26,7.11,7.06,28.26,14.06,94.15,4.96,151.06,16.12,269.8713596,246.636
2021,3,27,7.27,7.25,28.34,15.5,94.24,6.42,186.19,16.67,349.550435,255.051
2021,3,28,6.61,6.56,19.87,20.75,94.77,6.49,10.62,14.42,365.6206922,220.626
2021,3,29,7.25,7.19,18.88,16.06,94.76,4.81,18.31,16.29,271.866135,249.237
2021,3,30,7.32,7.28,21.26,14.69,94.49,2.69,86.94,16.55,150.3827509,253.215
2021,3,31,6.93,6.87,25.56,12.81,94.27,4.53,166.62,15.52,249.0200984,237.456
2021,4,1,7.22,7.14,28.13,11.56,94.21,4.66,177.62,16.49,253.8195507,252.297
2021,4,2,7.52,7.47,29.08,9.38,94.14,4.58,193.75,17.14,248.4932258,262.242
2021,4,3,6.81,6.73,24.72,16.06,94.34,6.36,93.38,14.8,350.863891,226.44
2021,4,4,7.11,7.09,21.07,15.56,94.7,5.3,15.75,16.11,297.1434152,246.483
2021,4,5,6.73,6.7,21.12,13.81,94.81,4.63,17.81,14.59,259.8373638,223.227
2021,4,6,7.13,7.12,22.05,12.69,94.76,3.26,31.62,15.69,182.2798876,240.057
2021,4,7,7.33,7.31,25.19,11.19,94.64,1.98,125.88,16.33,109.4059369,249.849
2021,4,8,7.5,7.44,26.88,12.12,94.23,3.15,179.25,17.05,172.324694,260.865
2021,4,9,7.31,7.14,28.37,11.19,93.82,5.29,193.69,16.09,286.7130293,246.177
2021,4,10,7.33,6.08,29.74,9.88,93.79,6.05,182.69,13.84,326.3167962,211.752
2021,4,11,7.48,7.09,29.59,10.56,93.94,3.94,188.94,16.59,212.9557761,253.827
2021,4,12,7.26,7.04,28.12,20.75,94.06,3.8,85.38,16.55,206.6546285,253.215
2021,4,13,7.18,6.83,30.62,18.81,93.94,5.9,209.38,16.27,317.8118888,248.931
2021,4,14,7.08,6.97,29.4,30.88,94.09,3.67,107.5,16.55,198.8038674,253.215
2021,4,15,7.1,6.44,25.95,21,94.46,5.5,43.56,15.14,302.5566277,231.642
2021,4,16,6.83,6.6,25.64,13.38,94.5,3.48,83.12,15.05,191.7155974,230.265
2021,4,17,7.26,3.09,24.54,22.06,94.59,2.92,272.94,7.41,161.612997,113.373
2021,4,18,7.39,7.3,25.93,26.25,94.65,4.38,161.31,16.85,241.4458861,257.805
2021,4,19,7.98,7.93,26.51,17.88,94.53,4.48,149.38,18.48,246.1678598,282.744
2021,4,20,7.84,7.59,28.27,17.06,94.27,3.45,247.56,17.41,187.9459578,266.373
2021,4,21,7.75,7.69,29.86,14.94,94.2,2.15,150.56,17.82,116.4246268,272.646
2021,4,22,7.92,7.85,28.88,11.81,94.27,3.7,149.19,18.05,201.1581355,276.165
2021,4,23,7.94,7.6,29.47,9.75,94.16,3.74,140.88,16.95,202.6995937,259.335
2021,4,24,8.12,7.59,29.15,10.25,94.08,3.62,138.44,17.36,196.2366789,265.608
2021,4,25,8.03,7.87,29.72,9.94,94.1,3.48,144.94,17.98,188.3324096,275.094
2021,4,26,7.77,6.2,28.84,21.81,94.04,3.41,225.31,14.92,184.9638644,228.276
2021,4,27,7.64,6.48,29.06,25.56,93.97,4.79,195.06,15.72,259.4348786,240.516
2021,4,28,7.29,3.7,28.98,33.62,94.15,5.73,191.75,8.69,311.0237467,132.957
2021,4,29,7.56,6.3,28.26,25.06,94.28,4.99,55.94,14.82,271.8785316,226.746
2021,4,30,8,7.9,26.96,14.81,94.17,3.55,235.06,18.05,194.0317987,276.165
2021,5,1,8.25,8.18,28.46,16.31,94,3.81,256.81,19.51,206.8328641,298.503
2021,5,2,8.01,7.22,31.02,15.81,93.76,1.48,129.19,17.25,79.46490882,263.925
2021,5,3,8.01,7.95,29.26,15.44,93.67,4.77,284.88,18.87,257.3565371,288.711
2021,5,4,7.99,7.8,26.98,14.62,93.81,3.37,172.75,17.95,183.4771907,274.635
2021,5,5,8.15,7.97,28.53,14.88,94.01,2.45,138.62,19.09,132.9860451,292.077
2021,5,6,8.01,7.89,29.56,15.06,94.11,2.47,88.94,18.67,133.7575828,285.651
2021,5,7,7.96,7.8,31.24,12.81,94.02,3.45,180.81,18.34,185.6185665,280.602
2021,5,8,7.83,7.76,30.9,14.62,94.05,4.26,42.88,18.13,229.5280909,277.389
2021,5,9,7.66,6.93,30.42,18.5,94.04,2.73,84.25,16.15,147.3088605,247.095
2021,5,10,7.95,7.79,31.15,12.75,93.99,2.2,133.56,18.49,118.3626912,282.897
2021,5,11,7.67,5.49,31.89,14.06,93.91,2.58,157.75,13.03,138.3525625,199.359
2021,5,12,7.98,7.32,33.83,14.25,93.75,3.05,213.31,17.45,162.2458089,266.985
2021,5,13,7.8,7.28,33.49,12.62,93.72,3.48,129.44,16.95,185.2657636,259.335
2021,5,14,7.85,6.86,33.23,12.75,93.68,3.27,145.44,15.91,174.1593022,243.423
2021,5,15,7.84,7.2,33.83,11.31,93.55,2.88,198.12,16.7,152.8757677,255.51
2021,5,16,7.79,7.67,32.95,11.5,93.6,5.69,86.25,17.77,303.0660151,271.881
2021,5,17,7.98,7.88,33.37,12.56,93.74,5.2,135.25,18.84,277.0013777,288.252
2021,5,18,8.1,8.03,32.95,11.94,93.81,4.09,129.56,18.5,218.3340986,283.05
2021,5,19,8.4,8.25,33.49,8.81,93.87,3.65,89.06,19.58,194.6271079,299.574
2021,5,20,8.21,8.07,33.69,9.44,93.96,4.07,98.94,18.52,217.0890391,283.356
2021,5,21,8.29,8.1,34.17,9.56,93.94,3.23,121.19,18.88,171.9787178,288.864
2021,5,22,8.17,8.01,35.28,8.88,93.73,2.64,165.06,18.88,139.7456774,288.864
2021,5,23,8.12,7.93,35.8,8.31,93.53,3.82,156.5,18.6,201.4366781,284.58
2021,5,24,8.04,7.96,34.37,8.19,93.71,4.49,123.94,18.59,238.3259682,284.427
2021,5,25,7.85,7.55,35.86,9.06,93.71,3.7,277.88,17.79,195.4463575,272.187
2021,5,26,7.8,7.73,33.35,12,93.95,4.52,32.44,17.94,241.3332678,274.482
2021,5,27,7.99,7.71,32.97,11.5,94.02,2.77,125.38,18.19,148.1906368,278.307
2021,5,28,8,7.82,34.76,10.56,93.91,2.53,181.5,18.63,134.4067318,285.039
2021,5,29,7.92,7.78,35.37,10.69,93.86,3.53,120.5,18.23,187.0614884,278.919
2021,5,30,8.34,8.16,35.08,11.12,93.97,3.55,98.44,19.23,188.5189997,294.219
2021,5,31,8.16,8.01,35.78,11.12,93.83,3.96,69.88,19.12,209.5025295,292.536
2021,6,1,7.9,7.75,35.39,12.38,93.77,3.77,60.75,18.23,199.5750488,278.919
2021,6,2,8.13,7.99,35.69,10.31,93.82,4.71,25.94,19.28,249.2270891,294.984
2021,6,3,7.64,7.36,36.56,10.94,93.87,4.02,44.88,16.65,212.2316233,254.745
2021,6,4,7.96,7.87,36.29,12,93.92,3.52,61.5,18.8,186.0958756,287.64
2021,6,5,8.03,7.9,37.83,9.06,93.69,2.23,146.62,18.68,117.0248507,285.804
2021,6,6,8.16,7.77,37.45,8.69,93.61,3.87,209.5,18.56,203.1628104,283.968
2021,6,7,7.81,7.69,36.56,10.56,93.76,5.34,53.31,17.92,281.5892562,274.176
2021,6,8,8.11,8.02,35.33,11.31,93.81,5.13,27.81,18.75,271.7389807,286.875
2021,6,9,8.05,7.97,35.38,10,93.64,3.5,100.38,18.58,185.0310031,284.274
2021,6,10,7.73,7.6,34.69,9.69,93.58,4.34,43.5,17.5,229.8053701,267.75
2021,6,11,7.95,7.86,33.5,12.5,93.65,7.62,341.19,17.98,405.3519225,275.094
2021,6,12,7.6,7.48,32.83,13.06,93.74,7.97,306.38,16.17,425.3071496,247.401
2021,6,13,7.92,7.62,32.3,13.38,93.81,7.96,320.44,16.91,425.8283065,258.723
2021,6,14,8.05,7.98,33.4,14.31,93.71,7.25,335.88,18.23,386.0424624,278.919
2021,6,15,8.25,8.13,34.85,12.19,93.48,4.77,317.88,19.32,252.173136,295.596
2021,6,16,8.03,7.86,35.09,12.19,93.59,5.45,235.5,18.45,288.2367861,282.285
2021,6,17,8.19,8.04,33.67,12.06,93.74,7.05,343.31,18.83,375.1827425,288.099
2021,6,18,8.26,8.18,31.61,11.5,93.7,7.53,334.12,18.6,403.2636302,284.58
2021,6,19,8.23,8.14,32.32,9.5,93.68,6.7,345.94,18.7,357.9031931,286.11
2021,6,20,8.41,8.29,33.51,7.81,93.69,6.45,152.25,19.66,343.2482055,300.798
2021,6,21,8.13,8.01,34.18,7.25,93.73,5.59,54.5,18.64,296.9599778,285.192
2021,6,22,8.4,8.17,35.15,9.81,93.73,4.58,78.88,19.4,242.5398046,296.82
2021,6,23,7.81,7.72,35.77,10.38,93.73,5.91,48.06,17.87,312.3435376,273.411
2021,6,24,8.07,8,35.19,11.25,93.74,5.32,47.62,18.46,281.7209645,282.438
2021,6,25,7.97,7.86,34.55,9.19,93.56,4.98,40.62,18.05,263.7573148,276.165
2021,6,26,8.3,8.19,35.95,8.06,93.43,3.75,109.88,18.98,197.4381462,290.394
2021,6,27,8.43,8.32,36.61,7.75,93.53,3.41,146,19.89,179.3463039,304.317
2021,6,28,8.22,8.04,36.66,7.94,93.63,3.89,135.38,18.77,204.7772215,287.181
2021,6,29,8.3,8.19,36.65,10.12,93.6,3.97,116.5,19.53,208.92836,298.809
2021,6,30,7.94,7.76,36.57,11.56,93.66,3.49,120.69,18.04,183.8327072,276.012
2021,7,1,8.08,7.99,36.82,11.69,93.56,3.43,98.75,18.55,180.3337953,283.815
2021,7,2,8.16,8.08,37.83,9.31,93.43,3.48,55.88,18.77,182.1149449,287.181
2021,7,3,8.2,8.1,37.05,9.75,93.39,5.72,94.12,19.07,299.9625686,291.771
2021,7,4,8.34,8.24,36.85,10,93.36,4.02,98.31,19.98,210.8810986,305.694
2021,7,5,8.03,7.92,36.03,9.38,93.4,4.8,31.38,18.4,252.5743092,281.52
2021,7,6,8.31,8.12,35.13,11.25,93.42,4.73,56.75,19.09,249.6710033,292.077
2021,7,7,7.6,7.42,36.1,17.38,93.48,2.77,81.62,16.94,145.8482484,259.182
2021,7,8,8.04,7.81,36.65,10.31,93.57,3.59,90.88,18.65,188.8696249,285.345
2021,7,9,8.06,7.99,37.24,10.25,93.33,3.75,111,18.59,196.4071373,284.427
2021,7,10,7.88,7.79,37.77,10.81,93.15,4.02,51.44,18.16,209.7841664,277.848
2021,7,11,7.78,7.69,37.96,10.88,93.24,3.24,106.06,17.59,169.1397784,269.127
2021,7,12,7.76,7.6,38.94,10.75,93.23,2.36,89.19,17.52,122.800543,268.056
2021,7,13,7.72,7.53,39.19,10.38,93.09,3.22,92.44,17.42,167.1643828,266.526
2021,7,14,7.05,6.92,37.12,15.31,93.15,3.38,88.62,15.34,176.7552113,234.702
2021,7,15,7.63,7.4,36.78,18.25,93.12,3.24,86.94,17.56,169.5652343,268.668
2021,7,16,7.28,7.01,36.2,18.56,93.14,4.85,83.06,15.69,254.3550151,240.057
2021,7,17,6.93,6.13,34.4,39.62,93.21,5.94,96.69,14.12,313.5780642,216.036
2021,7,18,7.46,7.05,33.18,50.94,93.32,4.59,77.62,17.91,243.5624522,274.023
2021,7,19,7.27,6.8,35.56,37.94,93.31,3.68,65.75,16.8,193.7482388,257.04
2021,7,20,7.7,7.41,38.05,23.56,93.15,4.11,121.88,18.08,214.2878492,276.624
2021,7,21,7.26,7.08,38.76,27.5,93.15,3.46,143.44,16.72,179.9874037,255.816
2021,7,22,7.5,6.62,39.06,22.31,93.08,3.59,125.31,16.55,186.4302865,253.215
2021,7,23,7.25,6.44,39,16.94,93,5.29,92.19,15.15,274.5286879,231.795
2021,7,24,7.59,7.51,37.86,14.81,93.13,4.14,51.06,17.63,215.9374875,269.739
2021,7,25,7.38,6.98,37.44,14.75,93.28,4.23,80.31,16.25,221.2859749,248.625
2021,7,26,7.51,7.37,38.18,13.88,93.24,4.66,89.94,17.29,243.0970356,264.537
2021,7,27,7.79,7.68,38.95,11.88,93.01,5.09,147.56,18.27,264.2202573,279.531
2021,7,28,7.61,7.34,39.37,11.5,92.9,7.06,125.69,17.2,365.5569562,263.16
2021,7,29,7.53,7.28,37.87,14.44,93.11,4.56,78.81,17.24,237.7854657,263.772
2021,7,30,7.23,7.15,37.87,13.56,93.08,1.66,141.69,16.27,86.53436254,248.931
2021,7,31,7.65,7.56,38.2,14.88,93.12,2.24,118.06,17.86,116.6956235,273.258
2021,8,1,7.45,7.32,37.49,14.44,93.21,2.14,178.44,16.88,111.8488072,258.264
2021,8,2,7.52,7.37,36.34,9.38,93.23,3.2,188.31,16.43,167.908041,251.379
2021,8,3,7.39,7.3,36.14,9.19,93.43,3.05,59.25,16.2,160.4843778,247.86
2021,8,4,7.81,7.71,36.57,9.81,93.6,3.16,154.94,17.59,166.3436144,269.127
2021,8,5,8.09,8.01,36.48,10.75,93.52,3.62,318.81,19.55,190.4506631,299.115
2021,8,6,7.7,7.35,36.94,11.44,93.32,4.24,338.19,17.42,222.2620311,266.526
2021,8,7,7.9,7.78,37.31,11.25,93.36,3.2,114.19,18.92,167.6168294,289.476
2021,8,8,7.54,7.18,37.74,13.38,93.56,3.58,61.94,16.89,187.6631233,258.417
2021,8,9,7.57,7.42,36.65,13.56,93.64,5.53,39.69,17.3,291.150524,264.69
2021,8,10,7.48,7.37,35.62,11.31,93.58,4.01,65.44,16.79,211.6921573,256.887
2021,8,11,7.61,7.52,35.98,9.62,93.57,3.28,56.38,17.13,172.9345517,262.089
2021,8,12,7.61,7.51,37.55,9.81,93.62,3.41,86.69,17.58,178.9757602,268.974
2021,8,13,7.59,7.35,37.8,10.31,93.55,3.48,99.88,16.94,182.3664431,259.182
2021,8,14,7.57,7.39,37.42,12.44,93.44,4.27,43,17.59,223.7760769,269.127
2021,8,15,7.34,7.27,36.16,14.69,93.45,4.27,29.12,16.72,224.7116936,255.816
2021,8,16,7.52,7.46,35.26,15.69,93.56,3.78,73.25,17.78,199.7404458,272.034
2021,8,17,7.47,7.43,34.93,16.62,93.59,3.23,83.06,17.24,170.9152904,263.772
2021,8,18,7.7,7.65,34.83,14.62,93.37,2.83,204.44,17.88,149.4458064,273.564
2021,8,19,7.74,7.69,33.68,14.25,93.36,2.23,58.5,17.87,118.1898929,273.411
2021,8,20,7.41,7.37,35.34,17.19,93.39,2.38,154.06,16.86,125.501436,257.958
2021,8,21,7.53,7.49,35.42,19.19,93.55,4.3,163.88,18.05,227.0758769,276.165
2021,8,22,7.23,7.2,36.03,17.5,93.62,3.55,165.5,16.49,187.2397489,252.297
2021,8,23,7.38,7.32,36.62,16.19,93.54,2.76,252.56,17.33,145.1708919,265.149
2021,8,24,7.14,6.7,36.56,16.56,93.55,3.5,72.25,15.48,184.1488712,236.844
2021,8,25,7.07,6.97,36.48,20.69,93.67,3.3,117.75,16.71,173.8937129,255.663
2021,8,26,7.14,7.12,36.58,14.19,93.57,2.27,120.31,16.63,119.4515164,254.439
2021,8,27,7.35,7.31,36.15,11,93.54,6.43,66.75,16.82,338.7200241,257.346
2021,8,28,7.49,7.34,36.02,9.56,93.42,6.8,137.12,16.7,357.9018002,255.51
2021,8,29,7.18,7.1,35.73,10.31,93.16,4.75,142.44,15.81,249.5432081,241.893
2021,8,30,7.32,7.29,34.74,15.44,93.47,3.94,110.06,17.15,208.3460802,262.395
2021,8,31,7.15,7.09,34.79,15.31,93.69,3.42,133.75,16.24,181.2448573,248.472
2021,9,1,7.36,7.27,35.03,12.56,93.74,2.78,153.5,17.11,147.2915212,261.783
2021,9,2,7.14,7.04,34.7,14.56,93.6,2.92,135.94,16.3,154.6436157,249.39
2021,9,3,7.27,7.22,34.44,13.62,93.48,3.02,141.88,16.71,159.8695998,255.663
2021,9,4,7.14,6.63,35.29,13,93.56,4.02,110.56,15.77,212.4017179,241.281
2021,9,5,6.93,6.91,34.63,17.25,93.66,4.73,56.38,15.69,250.7190607,240.057
2021,9,6,7.04,7,34.67,16,93.76,3.84,62,16.2,203.7344364,247.86
2021,9,7,7.06,7.05,35.11,12.5,93.75,4.52,43.19,16.21,239.4445686,248.013
2021,9,8,6.92,6.91,34.95,11.56,93.75,5.7,25.31,15.56,302.1112424,238.068
2021,9,9,6.72,6.69,33.62,15.75,93.83,5.64,14,14.81,300.4833325,226.593
2021,9,10,7.2,7.18,32.61,15.25,93.86,5.32,290.81,17.06,284.4618077,261.018
2021,9,11,7.1,7.05,30.9,11.31,93.71,6.02,350.81,16.04,323.1840169,245.412
2021,9,12,7.04,7.02,31.13,12.81,93.7,4.77,282.62,15.77,255.8568304,241.281
2021,9,13,6.94,6.88,31.4,18.06,93.74,4.19,40.94,15.83,224.6429644,242.199
2021,9,14,7.09,7.03,31.19,18.19,93.82,4.12,106.88,16.39,221.2310403,250.767
2021,9,15,7.09,7.07,31.05,16.44,93.89,5.66,12.88,16.43,304.2909343,251.379
2021,9,16,7.13,7.07,30.03,13.12,93.84,4.6,10.62,15.97,248.0034574,244.341
2021,9,17,7.22,7.18,29.89,13.12,93.74,4.03,45,16.58,217.1413288,253.674
2021,9,18,6.93,6.92,31.3,16.38,93.78,5,140.19,16.14,268.2728404,246.942
2021,9,19,6.84,6.85,31.49,16.25,93.91,5.14,84.56,15.84,275.9945371,242.352
2021,9,20,6.64,6.63,31.47,17.44,94.04,4.09,39.81,15.2,219.932782,232.56
2021,9,21,6.86,6.86,30.28,16,94.05,3.77,30.12,15.58,203.5420228,238.374
2021,9,22,6.91,6.91,30.5,17.62,93.88,4.23,225.5,16.23,227.799421,248.319
2021,9,23,6.6,6.61,31.62,17.75,93.72,2.43,172.5,15.12,130.1603751,231.336
2021,9,24,6.89,6.85,31.32,16.38,93.84,3.73,108.5,15.94,200.2464275,243.882
2021,9,25,6.73,6.74,31.14,16.62,94.03,4.68,59.75,15.61,251.9051591,238.833
2021,9,26,6.61,6.63,30.14,23.25,94.07,4.48,35.44,15.68,242.0379802,239.904
2021,9,27,6.64,6.65,28.23,15.81,93.93,5.73,313.31,15.3,311.0691689,234.09
2021,9,28,6.63,6.63,26.58,13.62,93.76,4.78,151.06,14.45,260.4520228,221.085
2021,9,29,6.26,6.27,28.54,20.38,93.82,3.3,84.94,14.34,178.7561147,219.402
2021,9,30,6.17,6.18,30.6,13.75,93.89,2.1,180.5,13.78,113.0667217,210.834
2021,10,1,6.22,6.21,30.73,13.25,93.92,2.73,161.88,14.23,146.9708028,217.719
2021,10,2,6.38,6.39,31.23,14,93.97,2.22,81.5,14.55,119.3819152,222.615
2021,10,3,6.53,6.49,30.75,13.06,93.97,2.98,78.19,14.59,160.5045114,223.227
2021,10,4,6.11,6.12,29.99,21.44,93.95,3.89,51.12,13.58,209.9982099,207.774
2021,10,5,5.85,5.86,30.69,28.44,93.99,3.07,97.69,13.4,165.419815,205.02
2021,10,6,6.19,6.19,29.78,23.12,94.02,3.09,94.56,14.12,167.0509288,216.036
2021,10,7,6.04,6.03,30.23,24.06,94.05,2.99,113.81,13.67,161.4564853,209.151
2021,10,8,6.14,6.14,30.14,24.44,94.17,3.56,77.38,14.49,192.5382102,221.697
2021,10,9,6.01,6.02,29.23,14.5,94.29,4.12,42.56,13.56,223.7805012,207.468
2021,10,10,6.16,6.14,29.26,14.62,94.36,3.64,78.62,13.96,197.8361359,213.588
2021,10,11,6.25,6.24,28.95,15.25,94.26,4.25,101.25,14.09,230.9819765,215.577
2021,10,12,6.19,6.22,29.21,14.25,94.17,3.2,99.38,14.36,173.6003775,219.708
2021,10,13,6.14,6.16,28.15,15.31,94.28,2.81,83.25,14.06,153.1578338,215.118
2021,10,14,6.01,6.01,28.9,19.38,94.43,2.84,90.62,13.74,154.6542798,210.222
2021,10,15,6.12,6.12,28.76,12.88,94.35,4.16,51.88,13.88,226.4488868,212.364
2021,10,16,6,6.02,29.62,16,94.17,4.82,146.62,13.74,261.1314745,210.222
2021,10,17,5.97,6,29.83,16.56,94.14,4.21,74.88,13.81,227.8530161,211.293
2021,10,18,5.85,5.87,28.22,20.06,94.35,3.42,51.31,13.2,186.5006911,201.96
2021,10,19,5.87,5.9,27.88,19.06,94.49,1.58,102.44,13.26,86.38644665,202.878
2021,10,20,5.98,6.01,29.76,15,94.45,2.47,218.88,13.46,134.1521872,205.938
2021,10,21,5.82,5.84,27.82,19.5,94.59,2.49,101.31,13.13,136.3119145,200.889
2021,10,22,5.74,5.77,25.37,26.5,94.72,2.58,57.5,12.94,142.5937254,197.982
2021,10,23,5.66,5.68,26.41,23.75,94.65,2.16,150.75,12.7,118.8784135,194.31
2021,10,24,5.73,5.73,27.66,19.12,94.38,5.12,218,12.97,279.8144366,198.441
2021,10,25,5.59,5.52,26.76,17.25,94.33,2.61,205.19,12.39,142.9920354,189.567
2021,10,26,5.62,5.48,25.75,19.69,94.43,3.89,162.44,12.45,214.0652287,190.485
2021,10,27,5.5,5.44,26.88,16.38,94.45,5.33,182.19,12.22,292.2650892,186.966
2021,10,28,5.41,5.4,27.02,16.44,94.49,4.98,189.81,12.07,273.0614296,184.671
2021,10,29,5.2,4.16,26.18,23.06,94.63,4.2,152.94,9.39,231.2812032,143.667
2021,10,30,5.16,5,25.19,35.44,94.91,4.26,137.06,11.31,236.0600747,173.043
2021,10,31,5.35,5.34,24.49,31.06,95.08,3.48,143.31,12.01,193.6375479,183.753
2021,11,1,5.31,5.31,25.3,22.62,94.91,1.54,140.5,11.97,85.30481867,183.141
2021,11,2,5.46,5.43,25.33,17.81,94.68,2.27,219.75,12.19,125.4241954,186.507
2021,11,3,5.34,5.35,26.38,15.81,94.59,1.67,223.38,11.92,91.86156146,182.376
2021,11,4,5.37,5.35,25.51,17.75,94.52,2.24,141.38,11.98,123.4829862,183.294
2021,11,5,5.23,5.25,23.82,27.69,94.49,2.36,136.75,11.7,130.7969829,179.01
2021,11,6,5.2,5.21,23.65,29.19,94.34,3.11,190.81,11.51,172.1887675,176.103
2021,11,7,5.13,5.16,23.08,25.5,94.22,2.45,125.38,11.45,135.7352349,175.185
2021,11,8,5.04,5.04,21.83,25.19,94.48,2.52,82.5,11.19,140.5919023,171.207
2021,11,9,5.06,5.09,21.05,27.19,94.82,2.3,63.25,11.29,129.1212054,172.737
2021,11,10,4.92,4.87,21.19,28.38,94.7,2.45,145,10.82,137.3027485,165.546
2021,11,11,4.92,4.95,22.63,25.62,94.34,5.8,196.19,10.91,322.2311446,166.923
2021,11,12,4.92,4.95,23.8,20.06,94.46,4.56,198.44,10.89,252.6631507,166.617
2021,11,13,4.93,4.95,21.1,26.06,94.84,2.53,112.62,10.95,142.0391446,167.535
2021,11,14,4.83,4.86,20.45,31.75,94.86,2.46,96.56,10.79,138.4441564,165.087
2021,11,15,4.81,4.79,20.9,24.81,94.61,2.17,136.5,10.68,121.6152525,163.404
2021,11,16,4.72,4.49,22.71,25.19,94.22,3.86,231.19,10.1,214.1196894,154.53
2021,11,17,4.59,4.61,21.26,32.81,94.49,3.83,197.31,10.32,214.1137308,157.896
2021,11,18,4.63,4.61,19.8,36.69,94.71,2.74,105.75,10.46,154.2997954,160.038
2021,11,19,4.49,4.35,20,38.19,94.41,3.54,131.81,9.59,198.5837988,146.727
2021,11,20,4.46,4.48,22.66,32.12,93.99,6.33,178.06,10.07,350.3361567,154.071
2021,11,21,4.39,4.44,23.96,28.62,94.2,4.83,183.25,9.91,266.7431143,151.623
2021,11,22,4.47,4.52,23.64,29.44,94.54,5.28,177.5,10.15,292.9629566,155.295
2021,11,23,4.42,4.45,21.51,46.25,94.75,4.09,76.81,10,229.0834924,153
2021,11,24,4.36,4.34,19.28,40.25,94.79,3.39,55.19,9.75,191.4047672,149.175
2021,11,25,4.73,4.78,20.08,37.38,94.75,3.35,148.19,10.78,188.5506693,164.934
2021,11,26,4.63,4.62,21.36,35.44,94.77,3.94,185.12,10.35,220.8409008,158.355
2021,11,27,4.51,4.56,22.01,33.5,94.85,3.94,201.31,10.27,220.540578,157.131
2021,11,28,4.46,4.51,18.93,36.5,94.95,3.31,120.94,9.87,187.4276224,151.011
2021,11,29,4.76,4.8,17.91,29.12,94.94,3.77,246.56,10.65,214.2005126,162.945
2021,11,30,4.8,4.84,19.18,27.31,94.79,2.9,249.62,10.56,163.794603,161.568
2021,12,1,4.67,4.69,18.66,25.31,94.61,3.04,176.19,9.94,171.6812666,152.082
2021,12,2,4.65,4.32,19.22,26.31,94.52,3.83,207.12,9.45,215.6761549,144.585
2021,12,3,4.23,4.27,15.69,43.81,94.94,3.7,43.44,9.2,211.8390735,140.76
2021,12,4,4.63,4.52,14.85,26.75,95.04,2.51,93.75,10.05,144.2780003,153.765
2021,12,5,4.7,4.73,16.63,27.5,94.8,2.87,174.31,10.27,163.5438733,157.131
2021,12,6,4.64,4.67,18.19,32.69,94.77,4.13,225.44,10.4,234.0093819,159.12
2021,12,7,4.45,4.49,17.15,33.12,94.96,2.77,160.5,9.63,157.8286684,147.339
2021,12,8,4.57,4.52,16.96,30.19,94.93,2.73,141.44,9.76,155.6022534,149.328
2021,12,9,4.57,4.38,17.43,32.19,94.95,2.94,162.69,9.3,167.3358651,142.29
2021,12,10,4.31,4.24,15.21,39.19,95.18,3.55,88.38,8.89,204.1039877,136.017
2021,12,11,4.51,4.53,14.35,45.56,95.21,2.52,33.75,9.66,145.3642828,147.798
2021,12,12,4.5,4.46,14.71,40,95.14,2.98,204.69,9.58,171.5578296,146.574
2021,12,13,4.55,4.46,13.76,28.88,95.02,2.48,162.94,9.57,143.0650248,146.421
2021,12,14,4.63,4.53,14.23,26.75,94.76,2.5,140.38,9.4,143.5889347,143.82
2021,12,15,4.46,3.32,14.3,38.44,94.71,3.86,179.44,7.35,221.5303744,112.455
2021,12,16,4.31,4.28,16.25,27.56,94.7,3.94,185.94,9.36,224.5743375,143.208
2021,12,17,4.16,3.57,17.3,37.56,94.64,5.23,176.62,8.02,296.8366303,122.706
2021,12,18,4.23,3.99,18.87,37.69,94.52,5.38,176.31,8.98,303.3233509,137.394
2021,12,19,4.2,3.75,19.29,35.44,94.58,4.3,179.5,8.47,242.2386532,129.591
2021,12,20,4.09,3.49,19.13,41.56,94.6,4.89,175.19,7.95,275.6851353,121.635
2021,12,21,4.03,4,19.42,39,94.71,4.8,192.88,8.77,270.657294,134.181
2021,12,22,4.02,3.96,14.57,30.62,94.96,3.88,23.31,8.81,223.0564742,134.793
2021,12,23,4.12,4.1,15.63,23.88,94.67,2.8,116.12,9.04,159.8879556,138.312
2021,12,24,3.92,3.82,17.3,32.31,94.41,3.52,179.5,8.53,199.2974461,130.509
2021,12,25,4.03,3.13,16.08,43.31,94.68,3.65,70,7.31,208.1230728,111.843
2021,12,26,3.96,2.69,13.04,51.25,95,4.44,42,6.29,256.7228787,96.237
2021,12,27,3.88,3,13.59,53.19,94.97,2.64,53.56,6.88,152.3051319,105.264
2021,12,28,4.06,3.73,14.82,33.94,94.82,2.88,124.5,8.38,165.1800699,128.214
2021,12,29,3.94,1.38,16.34,37.5,94.58,3.83,177.94,3.46,217.960086,52.938
2021,12,30,4.19,3.27,16.7,57.69,94.43,4.66,197.5,7.52,264.4448142,115.056
2021,12,31,4.04,2.44,14.33,72.38,94.69,3.48,101.25,5.88,199.6586717,89.964
2022,1,1,4,1.96,16.17,80.38,94.53,4.91,117.88,4.68,279.4377957,71.604
2022,1,2,4.25,3.29,18.54,66,93.96,5.64,230.44,7.84,316.4557744,119.952
2022,1,3,4.65,4.49,13.14,59.19,94.37,4.09,322.75,10.02,234.8353853,153.306
2022,1,4,4.75,4.79,11.56,58.5,94.87,4.19,329.31,10.63,243.1938877,162.639
2022,1,5,5.02,5.06,10.53,45.88,94.99,4.22,320.5,11.09,246.1353964,169.677
2022,1,6,4.93,4.96,10.42,50.19,95.05,3.77,230.44,10.86,220.1129738,166.158
2022,1,7,4.96,4.09,10.55,42.62,95,2.26,163.25,9.32,131.8211699,142.596
2022,1,8,4.69,4.71,12.73,36.94,94.91,2,163.25,10.37,115.6566606,158.661
2022,1,9,4.61,4.66,14.36,35.94,94.82,2.56,161.75,10.27,147.0616434,157.131
2022,1,10,4.68,4.66,15.6,37.88,94.7,4.26,170.81,10.48,243.3604716,160.344
2022,1,11,4.44,3.66,16.76,39.31,94.8,4.11,210.38,8.38,234.0989234,128.214
2022,1,12,4.6,4.64,18.02,40.19,94.78,2.61,201.19,10.34,147.9868201,158.202
2022,1,13,4.74,4.71,18.63,44.06,94.57,4.42,182.69,10.65,249.5356451,162.945
2022,1,14,4.62,3.51,18.66,37.19,94.16,4.88,185.56,8.32,274.2827874,127.296
2022,1,15,4.49,2.88,16.81,71.69,93.99,3.54,179.81,7.22,199.8753668,110.466
2022,1,16,4.85,4.76,14.8,54.88,94.09,3.02,288.38,10.67,171.8880884,163.251
2022,1,17,4.79,4.56,15.89,35.06,94.4,3.05,206.12,10.32,173.5107305,157.896
2022,1,18,4.23,1.73,12.3,58,94.84,4.65,26.5,4.08,269.108183,62.424
2022,1,19,4.26,3.38,12.15,50.25,94.85,2.59,96.38,7.84,149.9849839,119.952
2022,1,20,4.33,4.36,12.95,48.38,94.87,4.41,263.69,9.39,254.7194365,143.667
2022,1,21,5.06,5.11,6.3,35.88,95.42,5.23,151.88,11.12,311.0637765,170.136
2022,1,22,4.8,4.78,6.9,32.94,95.13,2.36,170.75,10.45,139.6388861,159.885
2022,1,23,4.72,4.75,11.12,34.69,94.78,3.59,166.94,10.39,208.4935272,158.967
2022,1,24,4.82,4.86,14.99,36.25,94.66,3.66,198.56,10.69,209.4384846,163.557
2022,1,25,4.77,4.82,14.99,44.06,94.72,2.97,140.75,10.7,170.0619051,163.71
2022,1,26,4.97,4.97,16.32,36,94.47,5.72,175.31,11.16,325.1612887,170.748
2022,1,27,4.99,5.04,15.64,32.5,94.5,4.96,198.62,11.39,282.7117034,174.267
2022,1,28,4.36,4.25,10.87,38.19,95.05,4.28,25.19,9.21,249.4936061,140.913
2022,1,29,4.45,4.43,11.16,40.88,94.92,3.02,105.88,9.5,175.6244553,145.35
2022,1,30,4.59,4.18,11.94,44.25,94.73,3.62,112.06,9.28,209.5205266,141.984
2022,1,31,4.82,4.87,14.68,43.5,94.39,5.08,148.25,10.86,290.1790762,166.158
2022,2,1,5.01,4.68,16.51,34.19,94.57,5.52,234.38,10.77,313.9181263,164.781
2022,2,2,5.09,5.14,12.13,44.56,95.06,3.56,87.81,11.64,206.6278873,178.092
2022,2,3,5.25,5.3,15.17,40.31,94.79,3.98,160.19,11.91,227.9204424,182.223
2022,2,4,5.3,5.34,19.04,34.69,94.14,5.2,206.06,12.01,291.8264434,183.753
2022,2,5,5.06,5.08,16.53,34.75,94.37,5.84,259.5,11.07,331.3910259,169.371
2022,2,6,5.46,5.49,11.84,37.81,94.92,4.39,264.44,12.37,254.6860053,189.261
2022,2,7,5.37,5.41,11.76,42.06,95.03,3.23,132.25,12.1,187.6584012,185.13
2022,2,8,5.7,5.73,12.47,40,95.06,2.79,176.31,13.02,161.7431331,199.206
2022,2,9,5.73,5.78,13.62,34.44,94.88,2.27,141.19,13.05,130.8215439,199.665
2022,2,10,5.59,5.61,15.95,31.12,94.55,5.05,173.81,12.77,287.6850361,195.381
2022,2,11,5.6,5.63,17.65,27.12,94.38,4.41,179.62,12.86,249.3082289,196.758
2022,2,12,5.31,4.89,13.85,44.12,94.72,5.12,220.88,11.06,294.3352024,169.218
2022,2,13,5.9,5.92,11.95,36,94.76,5.21,335.62,13.09,301.6324149,200.277
2022,2,14,6.16,6.19,13.78,29.88,94.65,2.66,220.94,13.87,152.8406056,212.211
2022,2,15,6.14,6.15,15.72,22.62,94.6,1.75,148.38,13.8,99.82497194,211.14
2022,2,16,5.83,5.86,16.31,24.31,94.31,3.27,176.81,13.24,185.5792404,202.572
2022,2,17,5.85,5.87,15.34,29.44,94.27,4.22,124.56,13.38,240.1970379,204.714
2022,2,18,5.67,5.7,15.98,35.69,94.24,5.91,150.12,12.99,335.5382655,198.747
2022,2,19,5.61,5.63,19.6,24.06,94.19,6.96,167.94,12.73,390.0583559,194.769
2022,2,20,5.4,5.23,19.63,25.19,94.39,4.94,296.25,11.7,277.4111941,179.01
2022,2,21,6.21,6.23,15.01,32.19,94.76,5.89,334.25,13.8,337.3798218,211.14
2022,2,22,6.35,6.34,14.73,28.5,94.71,3.12,251.19,14.15,178.7933615,216.495
2022,2,23,6.25,6.23,16.44,22.5,94.66,3.12,148.81,13.8,177.6437721,211.14
2022,2,24,6.1,6.12,18.83,21.94,94.57,4.83,165.62,14.17,272.495835,216.801
2022,2,25,5.94,5.42,21.31,22.62,94.35,4.09,189.81,12.51,228.2713241,191.403
2022,2,26,5.88,5.92,22.49,24.69,94.24,4.84,196.31,13.66,268.7385061,208.998
2022,2,27,5.67,5.62,18.29,30.06,94.74,4.59,24.56,12.4,259.901844,189.72
2022,2,28,5.96,5.98,17.56,29.75,94.83,3.2,55.31,13.61,181.8227453,208.233
2022,3,1,6.21,6.16,18.63,29.94,94.9,2.51,113.12,14.05,142.1991064,214.965
2022,3,2,6.24,6.22,20.96,28.25,94.72,4.9,170.81,14.2,274.8782843,217.26
2022,3,3,6.54,6.54,23.04,20.75,94.48,6.41,178.44,15.06,356.1557625,230.418
2022,3,4,6.03,4.59,22.43,18.06,94.33,5.99,173.69,10.62,332.9768689,162.486
2022,3,5,5.22,4.62,17.44,30.62,94.56,3.23,63.38,9.52,183.0803669,145.656
2022,3,6,5.56,5.35,20.23,39.94,94.31,3.6,131.75,11.45,201.5775649,175.185
2022,3,7,5.58,5.22,24.02,22.75,93.93,4.64,208.69,10.94,255.4640493,167.382
2022,3,8,5.97,5.97,22.93,20.88,94.03,4.2,52.19,13.35,232.3373907,204.255
2022,3,9,6.05,5.69,22.79,24.5,94.08,4.23,120.75,12.79,234.2321257,195.687
2022,3,10,6.52,6.44,27.6,17.44,93.85,6.7,182.31,14.85,364.1798367,227.205
2022,3,11,6.35,5.85,28.39,18.75,93.88,3.93,202.56,13.46,213.1243903,205.938
2022,3,12,6.4,6.42,23.37,29.38,94.13,5.45,101.56,14.7,301.3582066,224.91
2022,3,13,6.42,6.44,21.87,28.31,94.18,4.2,109.44,14.66,233.544138,224.298
2022,3,14,6.47,6.49,24.08,15.69,94.21,4.82,145.81,14.84,266.1116291,227.052
2022,3,15,6.65,6.65,25.8,16.94,94,5.14,160.94,15.46,281.517157,236.538
2022,3,16,5.78,5.7,17.88,24.44,94.36,6.61,52,12.16,373.3052395,186.048
2022,3,17,6.48,6.13,13.18,14.56,94.92,6.05,53.38,13.48,349.3483562,206.244
2022,3,18,6.56,6.57,14.47,12.44,94.82,3.24,119.94,14.12,186.0537091,216.036
2022,3,19,7.05,7.06,17.62,11.69,94.61,2.47,152.69,16.1,139.9899481,246.33
2022,3,20,6.91,6.83,20.08,10.88,94.28,4.59,164.56,15.36,257.0610707,235.008
2022,3,21,6.62,5.87,22.38,10.06,94.1,4.61,170.44,13.27,255.6827497,203.031
2022,3,22,6.62,6.62,24.81,12.06,93.97,5.3,194.94,14.84,291.1518701,227.052
2022,3,23,6.76,6.5,26.4,14.31,94.08,3.88,207.12,14.75,212.2619568,225.675
2022,3,24,6.79,6.62,26.37,14.56,93.95,4.3,201.88,15.18,234.937242,232.254
2022,3,25,6.43,6.4,20.09,20.19,94.26,4.22,88.19,13.88,236.2811787,212.364
2022,3,26,6.65,6.65,18.45,20.06,94.71,4.59,38.25,14.57,259.6769823,222.921
2022,3,27,6.62,6.61,17.3,21.19,95.06,4.63,21.38,14.65,263.9489103,224.145
2022,3,28,6.67,6.67,17.68,16.88,95.11,4.48,24.31,14.88,255.1981052,227.664
2022,3,29,6.86,6.86,18.34,16.88,94.96,4.31,16.56,15.29,244.5720191,233.937
2022,3,30,7.26,7.06,21.25,12.56,94.68,2.13,63.5,16.14,119.3197954,246.942
2022,3,31,7.37,7.26,24.33,12.38,94.58,2.52,137.81,16.74,139.5579337,256.122
2022,4,1,7.46,7.39,26.56,12.12,94.58,2.88,129.31,16.36,158.3080564,250.308
2022,4,2,7.47,7.29,26.17,13.38,94.56,2.41,31.25,16.09,132.6176179,246.177
2022,4,3,7.5,7.48,26.94,13.12,94.39,2.9,161.25,16.43,158.8857373,251.379
2022,4,4,7.66,7.64,28.38,10.88,94.26,3.37,163,17.17,183.5013492,262.701
2022,4,5,7.45,7.08,28.09,9.5,94.36,3.34,114.94,15.68,182.2360163,239.904
2022,4,6,7.71,7.62,26.8,11.62,94.45,4.21,141.94,17.01,230.9126072,260.253
2022,4,7,7.3,6.94,28.54,8,94.34,5,177.38,15.23,272.3437508,233.019
2022,4,8,7.52,7.49,26.98,8.75,94.36,3.2,121.81,16.53,175.2431114,252.909
2022,4,9,7.5,6.64,28.18,8.5,94.07,4.18,185.94,14.86,227.2989907,227.358
2022,4,10,6.9,6.66,26.66,17.25,94.2,3.25,100.31,14.45,177.8691389,221.085
2022,4,11,7.16,6.66,28.86,19,94.03,4.28,155.69,15.27,232.1139995,233.631
2022,4,12,7.1,6.62,30.93,18.12,93.79,5.11,201.44,15.24,274.5377263,233.172
2022,4,13,7.06,6.33,29.97,16.44,93.74,3.39,241,14.28,182.6091388,218.484
2022,4,14,7.01,4.89,29.05,21.38,93.83,4.46,188.12,10.79,241.2095887,165.087
2022,4,15,6.94,3.67,28.28,34.25,94.03,5.05,239.81,8.48,274.3998021,129.744
2022,4,16,6.95,5.1,30.04,28.69,93.91,4.34,233,11.41,234.1526893,174.573
2022,4,17,6.99,6.74,27.36,21.88,93.97,3.2,64.44,15.14,174.2981308,231.642
2022,4,18,7.51,7.44,25.62,14.44,94.24,3.45,130.62,16.7,189.5526405,255.51
2022,4,19,7.68,7.13,27.76,8.31,94.24,1.85,138.56,15.54,100.9213005,237.762
2022,4,20,7.18,6.22,28.99,12.06,93.99,4.36,181.69,14.15,236.2502992,216.495
2022,4,21,7.04,6.61,31.02,12.12,93.89,3.77,190.88,15.11,202.7014076,231.183
2022,4,22,6.53,4.55,26.37,20.38,94.16,3.77,151.31,9.7,206.4402737,148.41
2022,4,23,7.02,5.65,28.48,18.31,94,4.22,176.62,12.45,229.0752787,190.485
2022,4,24,7.22,5.07,29.04,16.12,93.85,4.55,142.69,11.59,246.1376433,177.327
2022,4,25,7.22,2.55,25.51,26.31,94.07,3.89,239.25,6.37,213.4205023,97.461
2022,4,26,7.06,6.99,28.1,28.38,94.02,4.14,207.19,16.37,225.0639753,250.461
2022,4,27,7.38,6.75,27.99,23.19,93.91,2.92,161.25,16.04,158.6129706,245.412
2022,4,28,6.61,4.19,25.27,40,94.12,4.11,243.12,9.32,225.7918529,142.596
2022,4,29,6.57,5.44,25,45.69,94.33,2.54,182.12,11.75,139.9784533,179.775
2022,4,30,7.44,7.26,26.97,37.88,94.19,4.14,217.81,17.06,226.3198535,261.018
2022,5,1,7.61,7.5,29.05,23.5,93.88,4.51,180.31,17.79,244.0437085,272.187
2022,5,2,7.13,7.03,27.97,19.44,93.92,3.72,54.75,15.95,202.1035189,244.035
2022,5,3,7.32,7.24,28.9,17.25,94.08,2.72,130.88,16.2,147.5705941,247.86
2022,5,4,7.42,7.35,30.62,18.38,94.06,4.25,187.19,16.39,229.2247335,250.767
2022,5,5,7.28,6.78,33.65,13.69,93.78,4.83,243.06,15.38,257.1665372,235.314
2022,5,6,7.31,5.45,32.63,15.44,93.58,4.45,189.69,12.82,237.2173383,196.146
2022,5,7,6.84,6.23,30.43,18.31,93.78,4.55,227.06,13.61,244.827908,208.233
2022,5,8,6.96,6.91,27.8,16.62,94.16,4.75,38,14.68,258.8678787,224.604
2022,5,9,7.05,6.99,27.49,16.56,94.23,3.05,49.38,15.1,166.5155211,231.03
2022,5,10,7.01,6.88,28.72,13.88,94.2,2.18,115.25,14.98,118.4949644,229.194
2022,5,11,7.21,7.09,31.57,13.69,94.04,3.93,170.69,15.68,211.2597027,239.904
2022,5,12,7.78,7.69,29.83,12.88,94.23,3.5,48.12,17.4,189.607594,266.22
2022,5,13,8.04,7.93,29.09,13.94,94.3,5.99,265.94,18.27,325.5360036,279.531
2022,5,14,8.06,7.94,27.32,12.62,94.2,7.17,341.19,17.88,391.5447405,273.564
2022,5,15,8.43,8.33,28.04,9.69,94.17,6.18,165.5,18.65,336.5680993,285.345
2022,5,16,8.44,8.32,30.49,7.5,94.06,4.23,154.75,19.14,228.2437069,292.842
2022,5,17,7.23,6.82,30.57,13.75,94.06,4.05,73.31,14.48,218.4736476,221.544
2022,5,18,7.54,7.46,31.76,12.69,94,2.56,51.25,16.15,137.4702125,247.095
2022,5,19,7.46,7.39,33.17,13.62,94.03,2.12,107.94,15.68,113.3546647,239.904
2022,5,20,7.55,7.41,33.11,13.94,93.98,2.19,103.94,16.14,117.05817,246.942
2022,5,21,7.55,7.47,33.9,10.12,93.91,2.95,127.69,16.23,157.1582586,248.319
2022,5,22,7.63,7.48,33.02,11.94,93.82,3.27,34.19,16.39,174.5392077,250.767
2022,5,23,7.62,7.53,34.46,8.94,93.5,4.34,208.62,16.64,229.7805919,254.592
2022,5,24,6.9,6.7,30.81,13.38,93.86,4.89,41.5,13.67,263.0179729,209.151
2022,5,25,6.74,6.48,30.67,13.94,94.12,3.86,73.25,13.23,208.2885118,202.419
2022,5,26,6.91,6.66,31.5,14.44,94.03,3.7,133.69,13.88,198.920449,212.364
2022,5,27,7.31,7.19,31.62,14.31,93.91,4.25,138.44,15.86,228.1082584,242.658
2022,5,28,7.17,7.11,32.2,12.81,93.79,3.48,133.69,15.62,186.1874091,238.986
2022,5,29,7.46,7.33,32.13,11.31,93.88,3.4,104.62,16.57,182.1235462,253.521
2022,5,30,7.58,7.38,32.39,11.25,93.84,2.77,86.44,16.7,148.1876964,255.51
2022,5,31,7.68,7.55,33.07,10.62,93.74,4.23,80.94,16.74,225.5507199,256.122
2022,6,1,7.85,7.73,33.01,8.06,93.69,4.77,32.75,17.32,254.2585828,264.996
2022,6,2,8.22,8.12,32.45,10.44,93.85,4.42,113.88,18.56,236.437114,283.968
2022,6,3,8.18,8.09,33.13,14.12,93.98,3.12,126.75,18.83,166.756914,288.099
2022,6,4,8.26,8.16,34.53,8.25,93.86,2.88,137.69,18.27,153.0333988,279.531
2022,6,5,8.61,8.52,35.43,7,93.73,2,130.62,19.45,105.8164753,297.585
2022,6,6,8.42,8.35,35.55,6.75,93.56,2.29,138.56,18.62,120.8931014,284.886
2022,6,7,8.6,8.52,35.47,8.06,93.5,3.29,161.12,19.57,173.6184581,299.421
2022,6,8,8.48,8.38,36.21,7.56,93.61,3.15,127.88,19.22,166.027907,294.066
2022,6,9,8.29,8.2,36.56,7.69,93.61,3.09,126.06,18.66,162.6814181,285.498
2022,6,10,8.3,8.22,36.37,8.19,93.68,2.88,99.38,18.8,151.8319278,287.64
2022,6,11,7.88,7.8,35.14,12.75,93.7,3.98,120.06,17.65,210.705406,270.045
2022,6,12,7.96,7.87,35.26,12,93.45,3.69,129.75,18.13,194.7554742,277.389
2022,6,13,7.85,7.76,34.37,10.88,93.5,2.86,60.12,17.38,151.4665492,265.914
2022,6,14,8.28,8.14,34.79,9.94,93.59,3.98,81.56,18.79,210.6972499,287.487
2022,6,15,7.97,7.86,34.41,15.5,93.62,4.08,91.94,17.56,216.3273353,268.668
2022,6,16,7.82,7.73,35.27,14.94,93.65,3.57,76.75,17.32,188.8190978,264.996
2022,6,17,7.86,7.78,35.48,14.5,93.61,4.84,161.62,17.63,255.7065903,269.739
2022,6,18,8.1,8.02,35.22,10.38,93.39,6.22,290.69,17.92,328.1187833,274.176
2022,6,19,8.02,7.93,36.08,7.31,93.38,3.29,194.44,17.35,173.0535848,265.455
2022,6,20,8.08,7.9,37.11,7.81,93.38,4,255.94,17.47,209.7010118,267.291
2022,6,21,8.14,8.01,36.84,8.81,93.16,5.06,121.12,18.42,264.8773152,281.826
2022,6,22,7.8,7.65,37.2,10.12,93.1,2.78,104.88,17.59,145.2630573,269.127
2022,6,23,8.04,7.58,37.4,9.25,93.33,5.05,157.06,17.74,264.3586732,271.422
2022,6,24,7.78,7.68,35.69,19.94,93.58,4.09,120,18.03,215.8665041,275.859
2022,6,25,7.64,7.12,37.51,14.44,93.44,2.38,174.81,16.59,124.6915151,253.827
2022,6,26,7.58,7.48,37.61,10.5,93.37,5.59,156.94,17.04,292.5543143,260.712
2022,6,27,7.15,7.06,34.84,14.56,93.54,5.72,101.5,15.16,302.6002146,231.948
2022,6,28,8.02,7.95,34.5,12.5,93.49,5.42,100,18.22,286.8930186,278.766
2022,6,29,8.06,7.94,34.33,11.12,93.38,5.68,225.75,17.86,300.4676955,273.258
2022,6,30,8.11,8.04,35.49,10.56,93.23,5.77,281.19,18.83,303.5929905,288.099
2022,7,1,8.09,7.99,36.23,11.69,93.19,4.17,323,18.98,218.7890511,290.394
2022,7,2,8.11,8.04,36.17,11.44,93.18,5.03,206.81,19.13,263.9338803,292.689
2022,7,3,8.08,7.97,35.67,12.38,93.09,4.63,197.94,18.64,243.1034129,285.192
2022,7,4,8.18,8.1,34.95,13.69,93.14,5.98,336.69,19.34,314.889495,295.902
2022,7,5,7.58,7.51,35.09,14.38,93.18,5.76,347.44,16.75,303.2973716,256.275
2022,7,6,7.89,7.79,35.05,13.5,93.22,5.66,209.25,17.83,298.1984272,272.799
2022,7,7,7.03,5.67,34.83,12.5,93.36,4.2,164.12,11.92,221.7686087,182.376
2022,7,8,6.97,6.74,36.13,11,93.27,4.99,132.81,14.42,262.1217983,220.626
2022,7,9,7.31,7.04,36.13,12.19,93.07,5.55,126.69,15.59,290.9131236,238.527
2022,7,10,7.34,6.51,35.6,10.19,93,5.62,109.06,14.23,294.8660357,217.719
2022,7,11,6.79,6.24,35.36,12.5,93.21,6.21,21.56,12.6,326.8114889,192.78
2022,7,12,6.64,4.96,32.93,25.81,93.46,6.42,148.06,9.68,341.4587964,148.104
2022,7,13,7.14,6.45,34.44,21.62,93.29,5.31,184.62,13.55,280.5238917,207.315
2022,7,14,7.38,7.16,35.51,12.94,93.12,6.47,335.19,15.9,340.0003384,243.27
2022,7,15,7.19,6.87,36.01,11.06,93.07,6.41,207.31,14.94,336.1219682,228.582
2022,7,16,7.81,7.62,36.1,11,93.14,5.95,223.5,17.8,312.1446848,272.34
2022,7,17,7.45,6.81,36.3,12.94,93.14,4.46,143.81,15.35,233.8261389,234.855
2022,7,18,7.46,7.32,37.53,12,93.22,2.7,85.94,16.43,141.1146229,251.379
2022,7,19,7.46,7.15,37.75,11.25,93.25,5.42,127.06,16.48,283.1651863,252.144
2022,7,20,7.43,7.31,37.37,10.62,93.17,6.32,85.19,16.66,330.3056857,254.898
2022,7,21,7.18,6.95,37.37,9.88,93.13,4.52,190.75,15.18,236.1298621,232.254
2022,7,22,7.3,7.23,37.58,13.19,93.26,4.71,111.44,15.98,246.2326201,244.494
2022,7,23,7.6,7.38,38.56,18.12,93.27,3.22,85.56,17.27,167.8261247,264.231
2022,7,24,7.47,7.22,38.26,15.12,93.08,2.79,147.5,16.72,145.2581392,255.816
2022,7,25,7.13,6.92,38.75,14.62,93.01,4.26,173.31,16.01,221.277024,244.953
2022,7,26,7.09,5.96,36.86,13.38,93.2,4.33,86.31,13.26,226.7464826,202.878
2022,7,27,6.92,5.74,35.23,13.19,93.28,3.55,104.19,12.07,187.0437235,184.671
2022,7,28,7.25,3.74,34.86,16.69,93.44,4.38,76.75,8.52,231.4486099,130.356
2022,7,29,7.61,5.96,32.27,36.12,93.49,3.98,130.75,14.48,212.2087133,221.544
2022,7,30,7.41,6.91,34.19,36.12,93.34,3.31,129.44,16.55,175.1012138,253.215
2022,7,31,6.76,5.27,34.12,44.25,93.25,2.59,132.75,12.53,136.9118054,191.709
2022,8,1,6.74,4.88,33.44,49.5,93.26,2.8,206,11.33,148.3569547,173.349
2022,8,2,6.93,6.41,34.87,37.81,93.27,3.97,183.44,15.18,209.3948616,232.254
2022,8,3,7.14,6.99,36.76,28.81,93.31,3.12,146.19,16.89,163.6287627,258.417
2022,8,4,7.09,6.85,37.67,24.81,93.44,3.17,132.62,16.28,165.9952226,249.084
2022,8,5,6.96,5.65,38.97,21.69,93.29,3.45,121.38,13.02,179.6160093,199.206
2022,8,6,7.19,6.99,39.55,17.88,93.05,3.23,143.19,16.16,167.4185097,247.248
2022,8,7,7.17,6.98,38.97,15.88,92.89,4.89,132.56,15.96,253.4945793,244.188
2022,8,8,7.51,7.16,38.48,21.88,93.1,3.23,101.88,17.53,168.0836215,268.209
2022,8,9,7.07,6.96,38.93,18.56,93.16,5.45,35.88,16.09,283.3821546,246.177
2022,8,10,6.6,6.35,38.67,13.44,93.1,6.34,126.88,13.75,329.7216199,210.375
2022,8,11,6.48,6.32,37.76,16.06,93.22,4.97,123.38,13.59,259.5632777,207.927
2022,8,12,6.65,6.45,37.69,16.81,93.11,7.28,176.75,13.95,379.8422404,213.435
2022,8,13,6.68,6.59,37.57,14.62,93.07,7.28,151.12,14.37,379.8256923,219.861
2022,8,14,7.13,7.07,36.44,14.38,93.12,4.95,163.56,16.13,259.3425013,246.789
2022,8,15,6.99,6.94,36.3,16,93.25,3.18,191.75,15.73,166.9159838,240.669
2022,8,16,7.36,7.24,36.14,14.56,93.35,3.76,174.38,16.63,197.6736319,254.439
2022,8,17,7.13,7.09,36.42,12.88,93.23,5.39,179.19,15.98,282.7470193,244.494
2022,8,18,6.77,6.73,36.44,13.06,93.16,3.33,89.44,14.92,174.5417164,228.276
2022,8,19,7.11,7.05,36.83,10.75,93.18,4.59,121.56,16.09,240.3334223,246.177
2022,8,20,7.34,7.28,36.68,12.38,93.27,4.86,78.94,16.61,254.8397862,254.133
2022,8,21,7.31,6.71,37.16,11.75,93.25,3.91,97.44,15.86,204.6643873,242.658
2022,8,22,7.1,6.79,36.54,13.56,93.38,2.5,114.56,15.59,131.3043606,238.527
2022,8,23,7.09,6.91,35.98,15,93.5,3.14,50.44,16.04,165.429348,245.412
2022,8,24,7.06,6.97,35.05,17.12,93.63,3.04,70.31,15.98,160.8675419,244.494
2022,8,25,7.03,5.77,34.78,14.75,93.56,2.72,87.38,13.2,143.9526182,201.96
2022,8,26,6.98,6.65,34.18,15.25,93.52,2.64,77.75,15.34,139.9316394,234.702
2022,8,27,7.15,6.87,33.98,18.31,93.63,3.2,56.94,16.12,169.9241926,246.636
2022,8,28,7.28,7.12,33.35,14.75,93.68,2.91,86,16.38,154.9251215,250.614
2022,8,29,7.43,7.39,33.48,12.5,93.8,3.02,106.38,17.3,160.9190987,264.69
2022,8,30,7.36,7.33,33.54,14.38,93.83,3.46,126.25,17.05,184.3871505,260.865
2022,8,31,7.2,7.14,32.39,18.06,93.86,3.29,131.75,16.5,176.0438374,252.45
2022,9,1,7.33,7.23,33.23,18.88,93.84,3.54,131,17.05,188.8614425,260.865
2022,9,2,7.4,7.31,33.66,14.5,93.9,3.08,140.88,17.27,164.1947441,264.231
2022,9,3,7.31,7.26,34.49,12.81,93.83,3.12,124.94,16.84,165.7547416,257.652
2022,9,4,7.34,7.3,34.38,14.75,93.7,3.17,115.19,16.74,168.237892,256.122
2022,9,5,7.24,7.22,35.31,13.62,93.63,1.88,125.62,16.36,99.40001994,250.308
2022,9,6,7.26,7.24,35.37,10.81,93.5,2.37,184.25,16.87,125.109154,258.111
2022,9,7,7.19,7.16,35.12,12.56,93.58,3.19,157,16.65,168.6766296,254.745
2022,9,8,7.11,7.06,34.42,14.25,93.85,4.44,162.06,16.64,235.9857221,254.592
2022,9,9,6.91,6.88,34.79,14.62,93.89,2.91,139.81,15.84,154.5463227,242.352
2022,9,10,7,6.95,34.66,18.44,93.84,2.58,132.75,16.16,137.0053206,247.248
2022,9,11,6.98,6.93,34.68,18.12,93.75,2.97,91.06,15.86,157.5539285,242.658
2022,9,12,7.01,6.98,34.69,11.94,93.52,2.88,125.06,15.91,152.3997971,243.423
2022,9,13,7.07,7.02,34.98,11.38,93.56,2.2,153.88,16.17,116.3566913,247.401
2022,9,14,7.03,7,33.83,14.06,93.73,3.18,106.75,15.91,169.1251164,243.423
2022,9,15,7,6.98,33.2,14.69,93.85,3.19,109.69,15.98,170.2235049,244.494
2022,9,16,6.74,6.73,32.37,18.75,93.85,2.78,46.81,15.11,148.7482553,231.183
2022,9,17,6.82,6.82,31.98,16.94,93.72,2.49,90.19,15.63,133.2168533,239.139
2022,9,18,6.85,6.68,32.37,16.75,93.77,2.23,103.38,15.38,119.2179327,235.314
2022,9,19,6.9,6.9,32.32,15,93.81,3.42,92.94,15.91,182.9444043,243.423
2022,9,20,6.85,6.85,31.23,19.94,93.81,3.17,77.06,15.68,170.1785185,239.904
2022,9,21,6.56,6.24,30.8,25.56,93.75,2.71,115.94,14.37,145.5964791,219.861
2022,9,22,6.69,6.61,32.15,16.81,93.75,3.84,141.12,15.15,205.3941877,231.795
2022,9,23,6.52,6.23,32.47,13.44,93.92,2.7,105.81,14.59,144.5281787,223.227
2022,9,24,6.6,6.61,31.21,15.88,94.12,5.2,113.75,14.95,280.0980852,228.735
2022,9,25,6.55,6.41,29.66,17.56,93.97,6.38,193.25,14.4,344.8674021,220.32
2022,9,26,6.31,6.3,29.6,22.88,94.15,6.16,128.31,14,333.6793554,214.2
2022,9,27,6.7,6.71,28.83,11.56,94.21,4.91,169.69,15.03,266.8165524,229.959
2022,9,28,6.66,6.66,29.31,13.44,94.1,3.04,187.44,15.16,164.7432815,231.948
2022,9,29,6.65,6.66,29.39,14,93.92,2.6,99.12,15.36,140.5921532,235.008
2022,9,30,6.7,6.71,27.47,15.88,94.05,2.85,79.19,15.51,155.309579,237.303
2022,10,1,6.67,6.68,28.23,15.25,94.1,3.34,63.19,14.96,181.6494615,228.888
2022,10,2,6.31,6.31,29.87,15.38,93.94,2.28,140.44,13.91,123.1194203,212.823
2022,10,3,6.38,6.4,29.15,15.12,93.94,3.02,146,14.5,163.4676445,221.85
2022,10,4,6.32,6.33,28.66,20.38,94.2,2.72,90.75,14.09,147.8763201,215.577
2022,10,5,6.15,6.15,28.84,20.5,94.4,2.65,115.62,13.91,144.2905069,212.823
2022,10,6,6.3,6.32,29.89,13.06,94.24,1.76,97.19,14.26,95.33677155,218.178
2022,10,7,6.21,6.22,29.53,11.94,94.1,1.95,153.56,13.81,105.5973362,211.293
2022,10,8,6.4,6.41,28.87,12.75,94.14,3.06,92.25,14.11,166.1392977,215.883
2022,10,9,6.19,6.22,28.01,18.12,94.3,3.8,135.94,13.88,207.2575949,212.364
2022,10,10,6.38,6.4,28.3,17.94,94.47,3.41,154.12,14.47,186.1424644,221.391
2022,10,11,6.25,6.27,28.11,13.62,94.36,2.92,128.75,13.95,159.3095332,213.435
2022,10,12,6.28,6.31,27.15,17.81,94.35,3.81,54.44,13.95,208.5086138,213.435
2022,10,13,5.9,5.91,26.97,26.31,94.36,3.49,71.5,12.91,191.1308867,197.523
2022,10,14,5.94,5.96,26.87,20.94,94.32,2.93,125.25,13.41,160.4477602,205.173
2022,10,15,6.04,6.06,27.12,18.12,94.34,2.42,165.75,13.69,132.4377357,209.457
2022,10,16,6.09,6.11,26.91,16.31,94.51,3.41,166.62,13.62,187.0839326,208.386
2022,10,17,6.16,6.14,26.95,16.69,94.71,3.66,172.19,13.94,201.1978705,213.282
2022,10,18,5.86,5.84,27.23,14.38,94.59,2.8,168.88,12.59,153.5835483,192.627
2022,10,19,5.94,5.94,27.64,13.56,94.41,2.63,142.94,12.94,143.7880538,197.982
2022,10,20,5.9,5.93,27.19,14.62,94.38,2.51,167.56,12.7,137.3893191,194.31
2022,10,21,5.85,5.86,26.44,14,94.49,3.96,181.38,12.87,217.5535503,196.911
2022,10,22,5.8,5.83,25.97,14.12,94.73,4.16,160.38,12.72,229.4815998,194.616
2022,10,23,5.78,5.8,25.98,15,94.77,3.19,165.31,13.08,176.0410887,200.124
2022,10,24,5.79,5.81,26.57,15.94,94.53,2.45,172.94,13.16,134.5960986,201.348
2022,10,25,5.79,5.76,26.19,17.56,94.4,2.93,149.31,13,160.9486408,198.9
2022,10,26,5.78,5.68,25.29,17.62,94.58,3.15,142.12,12.46,173.8862675,190.638
2022,10,27,5.68,5.41,24.95,17.75,94.61,2.91,168.44,12.02,160.8720176,183.906
2022,10,28,5.7,5.66,25.34,15,94.49,3.24,200.94,12.53,178.6543217,191.709
2022,10,29,5.56,5.42,25.23,15.62,94.44,3.25,187.12,11.93,179.1769266,182.529
2022,10,30,5.51,5.32,25.08,15,94.5,3.32,185.94,11.72,183.2445289,179.316
2022,10,31,5.43,5.29,24.96,17.44,94.53,3.96,181.19,11.78,218.7261721,180.234
2022,11,1,5.36,5.35,25.64,28.06,94.5,4.44,183.25,12.05,244.6026588,184.365
2022,11,2,5.32,5.31,25.75,28.5,94.32,5.21,182.25,11.91,286.3703521,182.223
2022,11,3,5.11,5.12,26.23,28.88,94.16,5.4,189.81,11.77,295.8352214,180.081
2022,11,4,4.71,4.71,23.53,45.75,94.53,4.06,53.5,10.67,225.3304449,163.251
2022,11,5,4.67,3.98,23.85,42.5,94.6,4.54,125.31,8.92,251.8853987,136.476
2022,11,6,4.97,4.85,25.58,34.81,94.48,5.74,175.75,10.94,316.217129,167.382
2022,11,7,5.11,5.14,25.75,22.56,94.34,3.85,199.56,11.6,211.6621189,177.48
2022,11,8,5.09,5.12,25.05,20.25,94.22,5.12,217.12,11.48,281.7850025,175.644
2022,11,9,5.11,5.12,25.13,17.88,94.31,3.93,201.62,11.64,216.4405426,178.092
2022,11,10,4.88,4.9,25.54,17.81,94.51,5.59,166.25,10.96,308.0926526,167.688
2022,11,11,4.77,4.37,24.81,23.31,94.7,5.18,171.5,9.88,286.7703367,151.164
2022,11,12,4.73,4.49,24.78,29.69,94.83,4.33,168.06,10.1,240.0666673,154.53
2022,11,13,4.86,4.89,24.47,32.25,94.76,2.98,155.38,11.03,165.269098,168.759
2022,11,14,4.9,4.89,23.7,31.75,94.68,3.41,160.88,10.88,189.447129,166.464
2022,11,15,4.98,4.98,23.58,25.31,94.61,4.75,177.94,11.11,263.8041654,169.983
2022,11,16,4.97,4.98,23.58,27.69,94.53,5.14,184.12,10.96,285.2224943,167.688
2022,11,17,4.72,3.91,23.65,26.88,94.48,5.34,187.12,8.99,296.0940621,137.547
2022,11,18,4.65,4.69,24.16,25.06,94.51,3.37,170.12,10.39,186.5995535,158.967
2022,11,19,4.45,4.05,21.28,52.94,94.84,4.04,76.88,9.09,226.6748331,139.077
2022,11,20,4.45,4.46,19.97,45.25,94.98,4.56,20.75,9.93,257.373607,151.929
2022,11,21,4.67,4.72,18.64,37.06,94.92,3.96,222.31,10.62,224.3855907,162.486
2022,11,22,4.95,4.99,18.2,31.5,94.86,3.1,213.69,11.19,175.809462,171.207
2022,11,23,4.93,4.91,19.34,26.19,94.75,1.55,154.44,10.84,87.46057887,165.852
2022,11,24,4.56,3.89,20.13,25.31,94.6,4.01,170.31,8.83,225.3022426,135.099
2022,11,25,4.52,4.44,21.82,28.88,94.53,4.76,172.75,10.38,265.7120289,158.814
2022,11,26,4.55,4.59,22.4,30.94,94.65,4.09,166.12,10.39,228.1525966,158.967
2022,11,27,4.67,4.68,22.13,30.94,94.55,3.6,162.75,10.58,200.7901735,161.874
2022,11,28,4.64,4.54,21.43,28.75,94.58,2.74,153.88,9.96,153.2353864,152.388
2022,11,29,4.71,3.5,20.85,29.81,94.58,2.95,156.06,8.09,165.3051745,123.777
2022,11,30,4.52,4.34,20.87,30.38,94.56,3.38,159.19,9.81,189.3475734,150.093
2022,12,1,4.36,3.12,21.07,27.06,94.68,3.14,154.69,7.13,176.0062781,109.089
2022,12,2,4.45,4.48,21.4,28.56,94.67,1.95,118,9.93,109.1692721,151.929
2022,12,3,4.26,4.32,20.91,32.44,94.6,3.01,165.38,9.39,168.6685581,143.667
2022,12,4,4.41,4.44,20.65,33.12,94.64,4.05,192.25,9.81,227.2429489,150.093
2022,12,5,4.23,3.83,21.42,33.06,94.58,5.24,179.19,8.59,293.0586435,131.427
2022,12,6,4.26,4.17,21.48,34.31,94.48,5.23,171.19,9.25,292.1306068,141.525
2022,12,7,4.3,2.72,18.69,41.75,94.57,3.63,168.5,6.41,204.8932497,98.073
2022,12,8,4.16,3.38,18.22,69.5,94.83,3.2,79.5,7.64,181.4108875,116.892
2022,12,9,3.95,2.45,17.74,59.44,94.85,3.22,64.31,5.73,182.884487,87.669
2022,12,10,4.15,2.18,13.08,70.12,94.89,3.84,102.06,5.3,221.7425173,81.09
2022,12,11,4.58,4.62,13.83,55.56,94.93,1.87,77.81,10.45,107.7471792,159.885
2022,12,12,4.28,4.26,14.96,54.19,94.77,3.22,157.12,9.51,184.4934164,145.503
2022,12,13,4.18,4.24,16.56,51.38,94.66,4.02,173.81,9.48,228.7923611,145.044
2022,12,14,4.28,3.81,17.48,48.69,94.68,4.19,175.12,8.7,237.7630063,133.11
2022,12,15,4.29,3.77,18.61,46.94,94.57,3.9,182.62,8.71,220.1936035,133.263
2022,12,16,4.23,3.92,17.91,49.88,94.62,3.38,204.56,8.94,191.3945523,136.782
2022,12,17,4.1,4.03,15.9,69,94.89,3.38,25.31,8.9,193.2754203,136.17
2022,12,18,4.18,4.22,14.87,62.06,95,2.52,96.88,9.26,144.7817938,141.678
2022,12,19,4.36,4.36,14.01,52.62,94.89,2.68,214.75,9.52,154.256598,145.656
2022,12,20,4.59,4.63,14.15,43.19,94.74,1.91,139,10.2,109.709333,156.06
2022,12,21,4.42,4.46,14.49,43.94,94.62,2.65,158.81,9.8,151.8420263,149.94
2022,12,22,4.01,3.41,16.37,39.38,94.47,3.72,185.75,7.61,211.4320099,116.433
2022,12,23,4.02,2.09,17.4,37.5,94.17,7.05,175.19,5.01,398.0093373,76.653
2022,12,24,4.45,4.17,15.91,54.88,94.4,4.02,245.44,9.29,228.6770085,142.137
2022,12,25,4.33,4.2,14.01,55.25,94.68,2.67,93.81,9.16,153.3409039,140.148
2022,12,26,3.91,3.81,14.28,62.94,94.55,3.7,128.69,8.34,212.0037854,127.602
2022,12,27,4.5,4.39,14.05,59.81,94.62,4.68,229.38,9.62,268.5695765,147.186
2022,12,28,4.79,4.81,10.46,61.12,95.2,4.48,197.56,10.52,261.9424442,160.956
2022,12,29,4.63,4.62,9.64,59.94,95.46,2.92,45.38,10.14,171.6930386,155.142
2022,12,30,4.12,0.89,9.33,76.38,95.54,2.06,155.88,2.43,121.3604578,37.179
2022,12,31,4.25,2.57,11.93,72.62,95.41,2.15,123.69,6.09,125.3366431,93.177
